-- phpMyAdmin SQL Dump
-- version 5.2.1
-- https://www.phpmyadmin.net/
--
-- Host: 127.0.0.1
-- Tempo de geração: 22-Jan-2025 às 10:13
-- Versão do servidor: 10.4.32-MariaDB
-- versão do PHP: 8.0.30

SET SQL_MODE = "NO_AUTO_VALUE_ON_ZERO";
START TRANSACTION;
SET time_zone = "+00:00";


/*!40101 SET @OLD_CHARACTER_SET_CLIENT=@@CHARACTER_SET_CLIENT */;
/*!40101 SET @OLD_CHARACTER_SET_RESULTS=@@CHARACTER_SET_RESULTS */;
/*!40101 SET @OLD_COLLATION_CONNECTION=@@COLLATION_CONNECTION */;
/*!40101 SET NAMES utf8mb4 */;

--
-- Banco de dados: `pap_database`
--
CREATE DATABASE IF NOT EXISTS `pap_database` DEFAULT CHARACTER SET utf8mb4 COLLATE utf8mb4_general_ci;
USE `pap_database`;

-- --------------------------------------------------------

--
-- Estrutura da tabela `bolsa_utilizadores_da_estrutura`
--

CREATE TABLE `bolsa_utilizadores_da_estrutura` (
  `id_estrutura` int(11) NOT NULL,
  `id_cargo` int(11) NOT NULL,
  `id_utilizador` int(11) NOT NULL
) ENGINE=InnoDB DEFAULT CHARSET=utf8mb4 COLLATE=utf8mb4_general_ci;

-- --------------------------------------------------------

--
-- Estrutura da tabela `cargo`
--

CREATE TABLE `cargo` (
  `ID` int(11) NOT NULL,
  `descricao` varchar(45) NOT NULL
) ENGINE=InnoDB DEFAULT CHARSET=utf8mb4 COLLATE=utf8mb4_general_ci;

--
-- Extraindo dados da tabela `cargo`
--

INSERT INTO `cargo` (`ID`, `descricao`) VALUES
(1, 'Coadjuvante'),
(2, 'Vigilante');

-- --------------------------------------------------------

--
-- Estrutura da tabela `cpa`
--

CREATE TABLE `cpa` (
  `token` varchar(5) NOT NULL,
  `email` varchar(245) NOT NULL
) ENGINE=InnoDB DEFAULT CHARSET=utf8mb4 COLLATE=utf8mb4_general_ci;

-- --------------------------------------------------------

--
-- Estrutura da tabela `disciplinas`
--

CREATE TABLE `disciplinas` (
  `codigo` int(11) NOT NULL DEFAULT 0,
  `nome` varchar(250) NOT NULL,
  `ativa` tinyint(1) NOT NULL
) ENGINE=InnoDB DEFAULT CHARSET=utf8mb4 COLLATE=utf8mb4_general_ci;

--
-- Extraindo dados da tabela `disciplinas`
--

INSERT INTO `disciplinas` (`codigo`, `nome`, `ativa`) VALUES
(1, 'Português', 1),
(2, 'Matemática A', 1),
(3, 'Matemática B', 1),
(4, 'Física e Química', 1),
(5, 'Biologia e Geologia', 1),
(6, 'História', 1),
(7, 'Geografia A', 1),
(8, 'Filosofia', 1),
(9, 'Economia A', 1),
(10, 'Inglês', 1),
(11, 'Francês', 1),
(12, 'Alemão', 1),
(13, 'Literatura Portuguesa', 1),
(15, 'Matemática Aplicada às Ciências Sociais', 1),
(16, 'Psicologia', 1),
(17, 'Economia', 1),
(20, 'Educação Moral e Religiosa', 1);

-- --------------------------------------------------------

--
-- Estrutura da tabela `estrutura`
--

CREATE TABLE `estrutura` (
  `ID` int(11) NOT NULL,
  `descricao` varchar(45) NOT NULL
) ENGINE=InnoDB DEFAULT CHARSET=utf8mb4 COLLATE=utf8mb4_general_ci;

--
-- Extraindo dados da tabela `estrutura`
--

INSERT INTO `estrutura` (`ID`, `descricao`) VALUES
(1, 'Secretariado'),
(2, 'Vigilantes'),
(3, 'Coadjuvante');

-- --------------------------------------------------------

--
-- Estrutura da tabela `estrutura_exame_cargo`
--

CREATE TABLE `estrutura_exame_cargo` (
  `id_estrutura` int(11) NOT NULL,
  `id_cargo` int(11) NOT NULL,
  `exames_id` int(11) NOT NULL,
  `nr_elementos` int(2) NOT NULL
) ENGINE=InnoDB DEFAULT CHARSET=utf8mb4 COLLATE=utf8mb4_general_ci;

-- --------------------------------------------------------

--
-- Estrutura da tabela `exames`
--

CREATE TABLE `exames` (
  `id` int(11) NOT NULL,
  `data` date NOT NULL,
  `hora_inicio` time NOT NULL,
  `hora_fim` time NOT NULL,
  `id_disciplina` int(11) NOT NULL
) ENGINE=InnoDB DEFAULT CHARSET=utf8mb4 COLLATE=utf8mb4_general_ci;

--
-- Extraindo dados da tabela `exames`
--

INSERT INTO `exames` (`id`, `data`, `hora_inicio`, `hora_fim`, `id_disciplina`) VALUES
(0, '2025-01-24', '09:30:00', '12:30:00', 3);

-- --------------------------------------------------------

--
-- Estrutura da tabela `grupos_recrutamento`
--

CREATE TABLE `grupos_recrutamento` (
  `id` int(11) NOT NULL,
  `nome` varchar(200) NOT NULL
) ENGINE=InnoDB DEFAULT CHARSET=utf8mb4 COLLATE=utf8mb4_general_ci;

--
-- Extraindo dados da tabela `grupos_recrutamento`
--

INSERT INTO `grupos_recrutamento` (`id`, `nome`) VALUES
(290, 'Educação Moral e Religiosa'),
(300, 'Português'),
(310, 'Latim e Grego'),
(320, 'Francês'),
(330, 'Inglês'),
(340, 'Alemão'),
(350, 'Espanhol'),
(400, 'História'),
(410, 'Filosofia'),
(420, 'Geografia'),
(430, 'Economia e Contabilidade'),
(500, 'Matemática'),
(510, 'Física e Química'),
(520, 'Biologia e Geologia'),
(530, 'Educação Tecnológica'),
(540, 'Electrotecnica'),
(550, 'Informática'),
(560, 'Ciências Agro-pecuárias'),
(600, 'Artes Visuais'),
(610, 'Música'),
(620, 'Educação Física');

-- --------------------------------------------------------

--
-- Estrutura da tabela `grupo_recrutamento_da_disciplina`
--

CREATE TABLE `grupo_recrutamento_da_disciplina` (
  `areas_exames_codigo` int(11) NOT NULL,
  `grupos_recrutamento_id_grupo` int(11) NOT NULL
) ENGINE=InnoDB DEFAULT CHARSET=utf8mb4 COLLATE=utf8mb4_general_ci;

--
-- Extraindo dados da tabela `grupo_recrutamento_da_disciplina`
--

INSERT INTO `grupo_recrutamento_da_disciplina` (`areas_exames_codigo`, `grupos_recrutamento_id_grupo`) VALUES
(1, 300),
(2, 500),
(3, 500),
(4, 510),
(5, 520),
(6, 400),
(7, 420),
(8, 410),
(9, 430),
(10, 330),
(11, 320),
(12, 340),
(13, 300),
(15, 500),
(17, 430);

-- --------------------------------------------------------

--
-- Estrutura da tabela `hbolsa_utilizadores_da estrutura`
--

CREATE TABLE `hbolsa_utilizadores_da estrutura` (
  `id_estrutura` int(11) NOT NULL,
  `id_cargo` int(11) NOT NULL,
  `id_utilizador` int(11) NOT NULL
) ENGINE=InnoDB DEFAULT CHARSET=utf8mb4 COLLATE=utf8mb4_general_ci;

-- --------------------------------------------------------

--
-- Estrutura da tabela `hexames`
--

CREATE TABLE `hexames` (
  `id` int(11) NOT NULL,
  `data` date NOT NULL,
  `hora_inicio` time NOT NULL,
  `hora_fim` time NOT NULL,
  `id_disciplina` int(11) NOT NULL
) ENGINE=InnoDB DEFAULT CHARSET=utf8mb4 COLLATE=utf8mb4_general_ci;

-- --------------------------------------------------------

--
-- Estrutura da tabela `hutilizadores_exames`
--

CREATE TABLE `hutilizadores_exames` (
  `id_utilizadores` int(11) NOT NULL,
  `id_exame` int(11) NOT NULL,
  `id_motivo_incumprimento` int(11) DEFAULT NULL,
  `desc_motivo` varchar(245) DEFAULT NULL,
  `data_motivo` datetime DEFAULT NULL,
  `motivo_deferido` tinyint(1) DEFAULT NULL,
  `id_ut_motivo_deferido` int(11) DEFAULT NULL,
  `data_motivo_deferido` datetime DEFAULT NULL
) ENGINE=InnoDB DEFAULT CHARSET=utf8mb4 COLLATE=utf8mb4_general_ci;

-- --------------------------------------------------------

--
-- Estrutura da tabela `hutilizador_leciona_disciplinas`
--

CREATE TABLE `hutilizador_leciona_disciplinas` (
  `disciplinas_codigo` int(11) NOT NULL,
  `utilizadores_id_utilizador` varchar(45) NOT NULL
) ENGINE=InnoDB DEFAULT CHARSET=utf8mb4 COLLATE=utf8mb4_general_ci;

-- --------------------------------------------------------

--
-- Estrutura da tabela `motivos_incumprimento`
--

CREATE TABLE `motivos_incumprimento` (
  `ID` int(11) NOT NULL,
  `descricao` varchar(45) NOT NULL,
  `ajuda` varchar(245) NOT NULL
) ENGINE=InnoDB DEFAULT CHARSET=utf8mb4 COLLATE=utf8mb4_general_ci;

--
-- Extraindo dados da tabela `motivos_incumprimento`
--

INSERT INTO `motivos_incumprimento` (`ID`, `descricao`, `ajuda`) VALUES
(0, 'Artigo 2.13 da Norma Nº2 JNE/2024', 'Os elementos do secretariado de exames e professores vigilantes não podem prestar serviço de exames nos dias ou parte dos dias em que um seu familiar prestar provas ou exames na mesma escola.');

-- --------------------------------------------------------

--
-- Estrutura da tabela `password_resets`
--

CREATE TABLE `password_resets` (
  `id` int(11) NOT NULL,
  `email` varchar(255) NOT NULL,
  `token` varchar(255) NOT NULL,
  `created_at` datetime NOT NULL
) ENGINE=InnoDB DEFAULT CHARSET=utf8mb4 COLLATE=utf8mb4_general_ci;

-- --------------------------------------------------------

--
-- Estrutura da tabela `utilizadores`
--

CREATE TABLE `utilizadores` (
  `id` int(11) NOT NULL,
  `nome` varchar(250) NOT NULL,
  `email` varchar(200) NOT NULL,
  `pwd` varchar(380) NOT NULL,
  `tipo_ut` enum('Professor','Admin') NOT NULL,
  `Ativo` enum('Sim','Nao') NOT NULL,
  `imagem` longblob DEFAULT NULL,
  `Tema` enum('Escuro','Normal') DEFAULT NULL,
  `id_grupo_recrutamento` int(11) NOT NULL
) ENGINE=InnoDB DEFAULT CHARSET=utf8mb4 COLLATE=utf8mb4_general_ci;

--
-- Extraindo dados da tabela `utilizadores`
--

INSERT INTO `utilizadores` (`id`, `nome`, `email`, `pwd`, `tipo_ut`, `Ativo`, `imagem`, `Tema`, `id_grupo_recrutamento`) VALUES
(2, 'Utilizador 2', 'utilizador1@gmail.com', '3c9909afec25354d551dae21590bb26e38d53f2173b8d3dc3eee4c047e7ab1c1eb8b85103e3be7ba613b31bb5c9c36214dc9f14a42fd7a2fdb84856bca5c44c2', 'Admin', 'Sim', 0xffd8ffe000104a46494600010100000100010000ffdb00840006060606060606070706090a090a090d0c0b0b0c0d140e0f0e0f0e141f1316131316131f1b211b191b211b312622222631382f2d2f38443d3d445651567070960106060606060606070706090a090a090d0c0b0b0c0d140e0f0e0f0e141f1316131316131f1b211b191b211b312622222631382f2d2f38443d3d44565156707096ffc200110801c2032003012100021101031101ffc4001c0000010501010100000000000000000000030102040506000708ffda0008010100000000dc1a4d817a23ddc384384383150f310bdce84f6360b2346e310e8e41f3dc69525ee23e594bcd10028e1842046b10c7bbb98f3cf7d25b1ab6130b1e306301831023c387c28107d28e6952888f248aeae1476bc2ae3b4269af1cdb2935f9cca02309b37b8a472b887317b8b239f21d00433382200d8de524bd6e92cdadafad8a0e7ab469cc8d0da0604431744afd798f24d21cae92876b3a04664413052a677494b9b0c8c3a68010b8807ca9bc121dfce569dbc796c8437ac5020448e71276bade44681100f690f291817859185cc1230218c02ca932a74c422457caee8d0deeaeab089d2a5cbb03c8b558d480ac1bda33125d8b2ba2f73041e5e6be574746b23884c4ee2dceae5c1e4201af758ce2387cd8c09290a2470b0221e75f224cdb0e74824556c2130b63173f5d13a4489d696f6b6b69dc4457239a14900a8b1555afa0a1890daeb09552e7091118820a1ec2db44842af164c97326f3db5056c9267e08c6d8d172c46bca796463d5470a2885224801144a42585d59cfb09e521642ac186e9338eae4470439aceba5d8d0acc8a386c612388200a71b4f6f34b264b89ca49525b5f05fd30906962bdf5f17084773dc5211eaf1c085186f32bf915ce3ceb5b19688d34c931610dae34db18cd52c8712ba33a648b15ad3437c9057e6aa63304c57c82e9f48c9af78634e33957bbabeb5cd925ad87e56f7af1084562cd0441c00f494431c9ca591267cf9f62c8a3468d11fcaa8f5314b20427719f218697207387598ea884d6004b2244c91777e4a59178f90650c58c177345161bfc9d5e5710847f3e591f5018a073844913d89cf2ceb5b4b494d6b8ca18c1e1ab62a1e73e20238b8d20bc1596b672dd414b018585591108529f55a1656d9de277230426440b1553c88cc6bde59b3ae2657b671e3445705ce7c9b3aea76a4931264e2bd0b623619af408427718f16aaaa335519c51f3c9c733c09060418bcf5248d0dc126d93b904c8fcd00e14408f0a572aad84bb2ebb1c895289cf5ee46f2b634c56a460bf939c4273f9e4723dcbcc4404081105163847ce23b91ce0b4611735e79b7f2ce4907720230471a244841506654857cbbab5b329010d8e7ca986895111d36ce618636bd148ee45772a27388fe572a777723190aba1460002d7b13bb9ad57ca38ba79e7be515821c54e6c58710284c773de5b2b5b99dc060ab0235298234ee79e485e499365c87b97bbbbb9fce544527722a36294a300034b1c4ce631157948733da37cb3957bb911816b02c6371eae696deca5907cd64a92c8801a8c6357b55149613e64a7bd53b939cae772318ee7b9bcd0c6715f19b1a38e30d89ce5463cc74ee453abc8e546a8c421087d96213893664a2b3a49b988f210c51846d6f4788b632ce554eeee55572af2f3538320638cd7158d6f731102d6b54a40a4a72b068778509ca9dcd6302018b30f2a9e598ef29dcde739dca698c695488d673d5555ce572f2722f731bcde19386d4627731bc88ae5e6a395cf5777209ea8f7b46c4546b463183364794b2ce631555ce72f379cf577738af6af7723b9555e8a9dcce4e4e44eee6727346c6a3791bce55e57b9ebcbdcdee5ee41f72731820829ca5294a73bf9fc47b9557b957b939ce77772a3bbbbbbbbb9a88ade5eee72f0dbcbcc10dac62f2aaaab9cf72a31c9cbddc9c8d4468c428a27948e7a3c84739caf57397b93b95ce5eee7735ddddc8bc888c7a3791ceee4562f22b0216395bc9dcae771157984eee46472191a8de64758e193c46ca0aa492773b955dc8abdcaaabdcd20d11ce4e672ab52aa2dfaa2b9ace1b9c28e18d0e33192ad0aae3021558ece4da155830483236035669be7b08c756e7fd18422b9fce739dddcabc9c9dceee5e54eee4eee554473792bf379dcbd993d2c50e042855d0a3318c13e3627d5b072357a4dbf8d50293d0fc67d9bd55a828a405665bc86d6f64e93e7d815128889f71b8fdcfe572ab97939795155391111aa8b84cfd75f44dae8955ae6e5b0457de3a3d6476f46045aaae8ed96fc47a1ed6697a65354e7f19646ebbb2f4ef21c9d4d545243dab2214f7180a9b3d5d075fbf63ef566aaad7291dc8a8d4545ee6a2231eb03cc81493e6bbd7b9e889490a555e3b2f1a5cf0f3abea68bba54aa093e856d8b98fd2134597764fc9a04eeb9b2820e875d9480d0fb77aa5cf8be1bd776155e7f5fdec3ee4c58d1221a51a7193951a9c8bdcd6b585ea2f320c725b2fafc6ad9a50c5afcd674095b475f6b268e21832023363b6fb9f18cf4fd1cb4d45dee2db29e75e856b7b4526a1d08bf19496f7ac7bb59f9a6237b4cea869ac67faa99caaa53c9b0909dc8f1a8d79a6aa6bc01f2f8fabccd99778c5b19b0ea6335f31a0c4e5533f0d879b19b6586b2b1c6e1e33275a3af345e8daed261335a6dee77885cbddfc8f12f20eafd04197a888d6bf796267d9ee64bcbc47ba4be6190cb46019ba74aa7cb0fcb26e999a49b419bd46ef51200d0d3c24116ca8f0b4400aca9238f9dc7dae4332936e35de58f53cfdeccf5fa0d1effc4abbd9225055f8ce7ef2ca174da5a013d53d3a6ca042fa1a1385a584d0c3d142eb0d356796586d73b31f09d86b2f20b2be813e822ccd4d3e7aa402981ae8d0e3311e5926972e4dc5ce300ea6acd356e4182ee71c64b8da5e6d2985ef24c47854aa0bb5856702552cf08d765d2eba2fa7c62c975c41187552031ebe4899b0c6321646b2bacaa8d116ae85dd64ad0431478d22eee0bea5e9576fae8302b2b60d33e9f2d5397b6df5ac4850a242a98156acbaf5029620a2649276963ab39e3e645eb47d8c18d7fd6732e6353aebb2bb41478b3f053692a9b19d5efe140ac8327d0169eab3d1ade143b5044d5fabfa9dcc9b6b28f5d57555503355be8307039d964952a4ceb4931004b2d04c9f31e3c3791f9ad65aedd8e46102e634c4eb07864f4ce83cf83c658a31083d77aeaaa6af811e04564ad03ebaad2e381921b97d27db34f328a2e9f5205ea9a0a4a726234d7fe3abacd25f5cccabae14ab1b1b4e04030845942c060594eaaf0f3442b7cb38b28e461dfd200a5b9d8e67cf06f88504b9b0a0bcb21fadea281063bf3fcc29f59e89e88eadcc6d35ab99c1e7a0f5fdb4649fe51ead1f4129ee29a155d6d7438c17cc9d2eb33708d75a3ba914fe74234640b2d039974c9e6b8617964a48bfb1a4976963664b77f9ff009ce7edf71ea13f3396765fcc6834fb2bec967d9a4dd5a828edb61682f1ff0023cb57ba55ce9343a3b4a181a524c0d45356ccbab19128b0ea7c92b36e5a8aad7da6b3527678ec391159c29eca571e7da583cdc67d95be8665857c58ed8959e5650ed3dc8891846f11f1bd1ea641ea7cfa37aa7a0d7dce1b67a39ebf3b78bf6b6f1f419216c361b4baf24d6e773b51dce24a933a57250d5c93e573fedfed585f54f45cff00976471f3540f8e66d49996d6669bdcfe4ce458cbc3133ab58c14df47f72ab92ec9d5f8790326c814dbff00a03391b0dbfd14b95e01e0565e831f02096c046f42d66ba0e6aca0e4d9c69732c2e678f3dacf51b3079ffcaff436cb35beae1d3f8e41b96a0261572b2df673cb2cb09a5c566b3c000bbbb8cc6a5bfa3fb4c2086fad7057b296d2cbc5fdc333888db6ddce89e79f37556a6d6478fddeb71b3a2caf49d86c3c6bd36fc5e7d95318b2ada90feb17b2625946f96bdd297d13c7bc92a74fbcc35d29e25839338c9b3164c821ee3cfec71be7c9ddcbcae796e3451fdbfa3691f5ef48758ba4a7f4ccfc8052ededa17cede39a6bacb59644fb2ca5d0a9b7fb3f42c9836168988c54d7033fe87eaa790f85d07c7f70bbdf95a8454fbcddc5a4e1124031765265f71666f70d5ba9baf3b7738877114755591c5ebb6207b7a0d69b4336a344fc73a9ba7fa852fcf14369a7f29b549f6b9ed3c6af99bfdc53e0b6fa12267332dafd7fa1cc66baf296b31f9d3fa4f9cf916667c68bf46d779c34539198cb39ce62bf716be4332349d15cb39471c01031c41fa6c681555715042485a6f4bc7f4a9261cdc2f9b75aa6424d8683340d750c81eaed6aeb2e3496728fe5616eceb4053e8ec73517741f72f917135f707a2f6caac93554682239e47bb7513c753956411e2037b9eee42fa56a1d25dc34eae810eeba4d8489b8cc262a3d87a67791cab89f93d75643baa5bbb3ae3c79334d08256ca4e5e52c7aededb6d7e6ae81d2c5e85599c41b5bd68f523f976547e63ce72a777772bd5ac491bed181a8f7bbb8521649ac17cfb3b6d439199b1c2da4a7acda6943bda0b1be48d4a49fcd41a7772f1d1999f5291aaf11a89e40db5ed18d00deeb990aee7b6e735849e545ee77777777235c79ef2bdcad63114e5dbd1e7b3373b7c8e224eaf0a6bebfcc32446d9cccb134a1053a4840bd79fc6238ea1cd6da7dd78ed268f54184e9d058244eb869088adc4e76ca0a8b8aceee54e591c8f8c50b79fce224c4f5ff0069f28f399b8ff56f50f9cf2d3ee32b6fcbbcd141aea3ee87a40b2ad3457d2c8c47ab450e3c1a1dd616fe6f96b759eafe6db7f19b1d12059c862395ea2f3ca5baa862125583a34a586540c894caa357a34c13cfadbad57d23e3fe6f5f59a8faae93e67cf594ba2d959d17d3198f04d9dce9fcd682fd8c8961e9fa1bcb2abcfd6450c08020b8d94b4779b5bcff00a1bcc8be53b77b3918de3379c9d81cf686b223af241df02c7aba7ad7d8b2a1e6a846bac2cdf95d56ff00d0be7fabaf3ed3517fe334361711de0ddedfdbfe57b7daebfc0b296cad04038e30b9e795265c9952e43e157d76141e8a3ca5d4cd472315a904cf56bd72389d7534290cb7ac739dcd544e18a6cea97eceeef747e4de6dec66179cd613d074b5aec1d04af5af2626bb43f57fc37e80c8fea3f3bbe44f9d75d31c24540468d12ac756dbc952f09533af1b6b7143eb19e4e639b5e8f57134b8ef28d2d4b21cad5c185649066321587402747a91222f0cdecf90ccc165e6eaee1c6c566a4dad54ddcc7bea8f329f65aec56b35f16aea28d4ec9163672c706beaea761b7f5fc079863286eebf650e30257b0550f962543d3a446f67f3df16b2797287b360e5704cd01fa3366c088d445e7eeb1af21aff0063b8918eadc8e3255854dde99b93bd897926a68ed8d3ae3772a564eb6b68e96b2be33178b7969513ab69e5dbe8e5e1ac634cf425e0922b44ebcf46bec879ae7281b4e19c8e7b9ce0b061025c8923052d6db79a2b186d9d6d2329411a9e832669b136b5122cb11bc97ea5e1c1b8169130794e555e739e72a0e37a3649bd5d08b26ca1c26f5b6ab424e1d7b9de9595c46ffdc715892d55457c4880e0020c360d1936ce6cc7d85b4dbed6d664647afe770b5b1b298f9ba2c9463dce8bcf343b7f25d5cdd060b3f274284a8659200f3262323a232ce86a5a36238f327d8da58ce90e7345064bcd7fe5b9ff0044f4ad0cd640830a346871495d90e8fa4d3499923a74b819dcce3a92945ebb0994747e817d9dca9b30598951abd6e135115f9281a7296275f5adddfd35252d3574688173df3093671ec654f9053be581382180c5a9c4fa1d965e921c8bfd2dedc5adbd949adf1fae1683d515a2894d99cb56a021d155cbd057d85c5a4fafb81b7c6de49f65b0ce48bfaec0c2bf031916c9c1140139c4906953241e6149255e692b2e699ab11d0d199e68abe96a7b4775339b5f48360d18c6f2c9ee6a23139ad7c87f4fbbd1ba887d78f8303ccc9c49d7f1251f1e2d0d4c3e4639c73ca972674843989cd386408dc62c874c96d63e3c510b2478716045831b9cbd616e47bd64cb773fb9e55ee460c236d9e96beaea2245122b410abda47290a91c2459659d2243e5c84592656964474421e1992448324b2b47ce3c07410d1a3902285162c48e167772af72f772f772f2f7727294a8d1b5a89dcc6f3d48f3c9b734f24a43b4a08930dc19c2471181991c274328a59caa4038908f1411a2c5e63239191cb15ef871803605448f44e6f2af39af6a735cee639cae34d398cf1483c8950ac98b26481c14624811e1c873cc10bb88356ba61005242631a22c5ee8c5689d088e1b23b9aee78032441ee61e34b08df2d065e195e1239081981983b26731925fc329cac906845001a73ba319a394c124532f4514a8f24f1657452862af4523e343d0d65a56cb0c18f08f715fd1482d1c079b3ec9d3b3ba62c9a08a0d9d4c7d66267594b811ae6a0b2866d066f55442d3548686f4d68b9cbbae9adc6db6c6fa8727becbc6b080cbcf3dbdaed9d744d01bcfa46a68693b4d41b7a183ffc400190101010101010100000000000000000000000102030405ffda0008010210000000f6e625ba49333598ddcaca962c172ccb182674f74c45a6732c9a92ea8965852b9cd6b2c48cc5f73092cca173ab13621528d4cb7963291663dec298492c8b6a46b59503732a9cf29553d925973882336041baa555cc899cc1a97d6433ce5b25449a660dcaba5a62499ccb1a8f684c633bb02c9a673732a2af4d25e798ce4b95f69667198ba942a4acc6a449be9499e773924cbe809cf3458b248d45cb5ab2e70e935539e524cc93e8d4c622925ba498b02f4b4664d5b33cd339ca67ea599e78a8117559888adeb752113386662663ea59cf9b499e93129608929adeb44339624ce739cbeb1cf16ea4d4919810429ae8224933319924fa86219aa8492001a8de92328ccce2653eaa624966652ca8b905de5a9449924989993eaa4cc24ca4b482552d521989648ce739fa867324ac91512550ab6924482498ce7ea1ce4901000017551242126333e9499924084582803459220919ce7e8489124b0040510b6c8845cb5b3706502041274b84e9bdeb8f1aeb672c953b76978d4910048962f5cf5e4d6711ad6232aa5edd71ad7191900926b32aeba73cf37a7945cf4cc916a5e9e8e57d1e695332892359c5975a977e6c7d4f1e34e7dab2e37a497a74c74eb391244498b6e2e5b9ab35cb3df19de5779ae5ade74ebae7aeb709990b9e7cbd3d3971eb91649ca6bb66c2dd66ef17a6b132f5dc664467b72e5cfd3d78e2e2005eb9cc835adb96b773867dd72ce6f3b6e39e2a4a0ab6f4ae2e90cba7926b3097ea4b30664c72bcd1ada55b99bbade74173cf28c40ed212671ad474016915bd4de730cf3c5bd67216c5267a5c6e63ac14d9cbb6f16d498f2f979dd4cf5f576c0d49ab275d338f99ecf56f18b87631d18d6eacf078ea77efcfd3d4f35977165e975797c8f67ad718e59f56d1be55bdb87cfc1d77d7d336e5dbca3459df28e79d76af3adddb9df385eacfcef3dd7a7df72b96fcd95d22f5e3495d3b4c2474c637cc3a6acf95cb3eef759199d38f3adc97ae19173d3b4489663584adee6b8fc8ebf5772e2e73a712a5f479faa4ac6bbe6a224990d6db7c9efed4b8b9cdebe636bab88b05ef249a32e696cbb6ef8faf5466495cced5bc72251beb216e7380b2ee698962925b83a9ac7301aed025e20de1b9732caacaac4e84c401760673bccaf7f829a82ae725965d99c00581b98d6f128569448c868d5630037be24bdb9f9fd1732becfcbe69a58112a2b766700022fa384eb303b729640ab59a1746700048d77e0deb98d48a299926ea68d45e56000d6b9dbbe72dfa1f3e121146973ba26f880035acd9be606414b96ac9ba4cf7e7cc012eba6586f019d6542350b1ad5cccf6dcc66482eb570972019ac82d357563333aea2cf9be7fb36e530b0896c92e61745d5d5b24ccc9ab53e27afe95a670b0808455b6db55239b2033ab6a4ab12559252dba55809304006d60490a8b6dad42081334820142016ead2ac91008ce944802581696b4088880168212800aaa1258642543458a12cd454b0ba9512e2ea65008afffc4001b01010101010101010100000000000000000001020304050607ffda0008010310000000f3a828a17222ab3564aab7015a38adb25b565b9b72b1059504da6552ca6b90d52d9611484a04a8b05250c162ee5020a8150d6501a083301b0a058a6550b10a5d3358208bb201516ac9622c962b4a8b93311ab6e42336c352e92aa6622eac6904c926d6c10880d592adb3085de7550ae68b4b0252dcd8d310adb2835541794975494191b96c5ce62c5b622db4a3945b42c5b9c96aad93304b348ba528e29ad48b72d59604b6ea24cc4a58ba52d3816b32c51aa059b48304b4a694b7cd56844569402a67524aa455b4ae32a85d425895425c805592daaae1616174b612d2019b92968296b8a0b629a58b489424815415578916d02d0214133154a468b78c2b4a85a020a125428268b7816aac5292c58b05b212dcd09a995cd28b0a1617339f7396313bf64cc9ba94e795d294aa849354e758ed71ad2a21432e2b31d754a045c675b231d5ebf57c8e89d77e74a0b3844cf5dc50525e6bb5227d2f5fe67d7a75df9a463ab9ef59e79d679dea96da26b0cd5d6995d7a75c78d539dccde79f4b38dd38dde8b6a35bf3e3a6b9efa5926bd3ebeb3e42d972933cf56e37757c8ddb66a6b875e9af2e7adbd2820c6ad0639cda2eadf1db2ef1da31aebac5d00919c8eb315579f714b3c30f5706b5e8c77e3eadaf1f3848311ac84bad8d51392db1bf55e7bd7930a211099142fabd1be5e3cec48a8e9dbccedcbaf7f0a84cdce91cecabd3ee7d8fa37cdeaebf3bf3bf203225ebc718edebfdff00e67f34d5573b0ba98c276fd47e878f1cfc9f9deef8be3b3b8c54b2f34f67f4afcf7e39357b4e5849bd99e2faff00a7ebadf9bcbf23e331cf4f40c5473edcedf474e1c25ed13331abb45e53d7facfadabc7f19f1ba2659f45ac29cbd588d338e1d4d9ceeaef25c61afdf7befe5ff2b35d333a72ebb970b39f4d01cf8e9776637a6a5872d63e8ff40f2ff3be6758de5b5cd4e5db02b58e1b9ab6e2eed82f2d679fefbe2fe7f38d76ceaa6cc446c04e1d6ae64d5d90b94e1f7fe6f1b9ba9468e263a74019e5ab5235bb9b0226c24a4b4e44dec06714b59dd200a588b10305dd941228a4a8c6cb28496c94399ad80011d78b48159052c4b0c1ad80c67a873d7d1f9cd23974ab2451444ac1ad800b73cba23792550125090c9ad8016b38da4de416023424b9325e800549352e77231b14010b820e80009293482a28042e7156e37a001336d4a828041654c2b7cf3756dd64664d8a10a02909248bad4e7173bfd97d4fe702dd14590a165888cc4b6dd1965dff00aa7e77f0ccd6b4a58850b0922222dad505ebcb32942911a8224200a2da0100aa412c911401485aa0128521244114a162a1069402884420142817102aa821654401528aa253915a81494965212a554a55105fffc40035100002020201030205030303050101010001020003041112051321143106102232411523332042511624343040435261504471ffda000801010001080159e62b410427519da777635f2ed93ecc8daf3cb50b08767d8ac61089c6010564ce1053b86a2b02c2373b4c67a669e91a7a6686b2276cc29a84413620610b4e537f2d4d4d4d4107f47281a069ce079b9b85a7385e72dcdc26130ff5686a57a95545cf8381e360618dc5c6d78828d195a3013b7b85144fa7de59b2613fe4bbc17301a8ce6793194c20c22087e6c2309c6708d5c6aa327c81822bc0f396e71dce3009c7c4b36676d8c34bce2f3b6e67a669d99d99da58001ec66c41e62d73b5a9cb87b2dfff00b2588de09a37f6be301ef90a06e3a930d6d0a99a3344cd4f33704d4d4e302cd4026f5397c809a807c818b0c6dfcd443f33fd75fbca01e3e2afaa769676961654f77cb03d8e6318d7319c899b2273337bf971335f230ac61a33cc260dc338c2bf22b1921580cdc060f30083e5ccc0e6739e2002709da8c02c6f9151a9c7e5e26bcc1036a72307982bdc1b5329c861e0db60e3b8f535a498710804c61a8ca4ced19c7ccd185668c03ccd18a9b85753460104d7cf703799ca6e6e2bcdee3010f89a83626e187fc4dcdcdcdcdcdc1114cc543c394ac9586d30dc6336e10668fcb73717cce027110a99c4ce30a9f932ce26768ced19da86b9c21ae708523550340f0340f01dfc815f63c14fda6a685089bd4e435e3b93bc4436728dbfc218dc4c6e22179dc9dc82d82d82d8ae22b89e0c41027f9d2831f6db0a70fcc6c623d9b12d69e8c89e8ac31b0dd7dfd2587dbd0db0613c4c3fc41d3c7e5f0d561a17f069613b4d3b2d3b26149c66a6a6e6e0783661066e729ca18443f3d7cc1955daf7af25340463b1b1b613707c8ce1b9db33b66224093b60ced434ced6a76e1aa1a84146fdbd3bc6461ee5671f96a113889adfc8340f05912ed41788cc088b66a77672d885e7286c8d64e73b916fe262b25a65d4ebed658de3e5b81cc1645b223c468844431746709c44e0b0a033b6b382ceda4e0a21ad4ced4148138c6ab97bb607d5b518c9af3e92b9e950418884797e9e0fdb7603ac6a8afb9f109dcd18018a488d60e30ec9814c20cf3f2d6e76c4e138c2b0882068b68955e7f0a790dc28db9c2049db13b505705702ea13fe01683738b9f6ecbc2020f2c77e586986a1af513623fd51d3c9856719c27030f89c80f6f96a09b81a079ce7233919c899c8885e334e739ce712e23cc7c8b1b5be71bea9a9a9af9088d11e2b18aec22e4110646c41709de582e49cff00c0339011f202cf593d64194bf916d667bfb7cb909dc49c96071b30d9b33278d874be946febf4c87edaf0cfe5f0d02cb2903d9309acf66c1358f3d811a8869221ab70573b6614226a1d422719af92b68ca72388f29923f22ea8c63eda00cd4d1f96a719bd459b10d8047b81f13c6e6e68c559e047357e5f86fc6c4dee767988f46a767e5b9b9bf96e03373737394dee346684c2fa9ca0b346169b9bf96a6be622344315e0659cbfc7233998b691064b419663ddce13373ccdc1618b7959ea8910dec67767720b0c17cd8338a811d3e5bff0ae4f83db46f7aea451e1ea0dee719499e93c4f4c01f2b8559f71815c6e9c0c7e9ac3dadc5b13dca4d4d42b35f20c44ee98af31d93637ceb8b7d24ebe7a85bfc0663149d7cb5b9db10543f3c04f69c84b366709d9dcec18b481efc5447d4fcff58f9ee0dc00c69c61ae149c4c55f300847c97ccd40b38cd402011498a62f98a80c14a9871e1a1a76889c0ce0670338b4f3f2d4d4d19a3f21b837f2e505821ba720df3060b0afb7a833d479f232c0832eb33bf599ea937036e11bf6bcb28962031d2159c615847cb507881b505b05a917347812abd0afd4ce08f0d63094392600d01783e6610d0ab4e04ced99c5c42c04eeea3580c249815bfa7535f20bb9da33b4d38113893051b8d405585189871d8c64093819c2149db3024e3028d4284fb768ce06083c4489175108139fcb883054905690d2867a7061c530e2b882930e337e063bc6a0ace138c15c551f9358fc76a149a9e44d983702ce30a89c544e220542b38281b8972aa8da5c863bd4cba2d89dcf35be2d8bee693051b871c47a0011935089a804d4020244c6c94d00c58686992b2370d5af331d9bd8f8fe8d7cb73942c6104ce1384edd738d4b0da3f1db9d930d644e33535157700d4532b50f3d36a3af9d05ade0a0b7bfa411b059a1e993f4e69fa67f93d35b7f48e94df93d378cf40a3ccaf10418aa3daea42799c15cea1c433d298315a765840862ac0b00f96a0dc0763e5b9cbe5a85773b7b8d4c141dcec99d982913b6b1ea1a3af4ac7ccb2b6533444f339b4ee3cee340e67387466f5391fc7333919dc68b79105e446b0b793c97f2c04758504e33535f2110ea544b0f15f2d7964dca978cdfcf73942419a9a874273585d046bd61bc4ef086d260337f2d4d40bb8b5c4a8ee763c41530d404f1d45a87e7828f650041a9b135fd246e70102813889c567a6ab7b81670531ab1382ea1a90ced0138ce338ce2668c1bf9f89b1363e5afe9d4e33467186a07ddb177ec711a7a678d4110d5a85215fe8066e6e729b9b9b337f23089c67030573b32ba0189576f5398dc05673020260dfccea11396a728c4c30931b737fe4813dbdbfa50441144449da138435c3b13ba44f513d4c5bc99cf737a8f90163e431f6efbc190d172da2e529f75b11a7210da8277d67a89cc19b3fd1a9af96a6a6a684d4d4d7fd4f13889c047a418d8ed0d24fb9c66f786a8504e335353535f2d4d4226a7180454dce1e270801105cc06a06062aee7edafb8759cc4ee085e17858fcfc46856159c67024c29581353899a3f211044204ac89ce770fe0bb89de31ad26372267169f540c44ee34eebc2e4cdfcfcc060b1843713efdc9dc339ee0314983fee35397f80ea7e4615dc2a23852232435c29353538cd4d4d4d4d4d402013538c2b350457226f73c4d4e33426be6442a26a6a6a7b4f26705fcea6a6a718a222c15c09af9f2337b9a315670061a01871c434ea76a7618c34309d93381138ce066a719c7e4a22c51041fd3bffa7e7e5ca6fe7ca7311b46153f805fda0630ff00f4f19a07d992709c215138ce3353889c04e13b738ce302ce1353ea9a135b810ce2c2791019bf96a6a68cd422110fc8cd99cde7d338a4d09c418a04101306cce0d0a1810c093604e6b3b83f1ce6e7881962906159c12762b30e2afe0510e3219d8411aa1fda6bd4548a820f107f5f9ffa3bf9ee2efe5b84c3b9e66ffab94dcd030d621abfc768ced19db9db813538c64dc09384e338ce1384e117c4261f335ff47538c293899a9a9a9a9a8a271814ce33460dc1b9b33cce338ce3f3d41e26f7f3f335f2e338086a060a809c04e3fd1a9a9a9a9c6684e338ce335fd3a9a9a9ed07cf53535f2d7cf5f2d4d7cfccf3f2f33666c99a9af9ea6be5a9a9c66a684d09c4423535fd3a9a844d4338ce33840902c55816059a1342719c671135353538ce1384e338cd7cfccd9f9ebfec77ff004b5f2f13c4d4d4d4d7ff00847e46133502ce338cd4d4107cb5ff0061a9afeb3ff71a844026a6a6a719c67133535ff58fb7cb53535ff50f804930ce338cd4d4d09af96fff00c0df9fe8dcdee03bfeadcdff004efccd89e278f993a85e7383cfcb53da7bcd4d7f47e7fa5bd8ff00537b78ee1d446249fe9fc9f9bfd8c61fcc306e01f2066a6a6bcce31773535fd7b9b9b9bfeadcdcdcdfc899bdcdc1e26cc066e7283e5f89fdb3f107bcbb371715b57a753c0bac5441ca0dc21a6c1f9ee6e6e799a23dcba2fb9cac61ee7a8e0afb9eadd3a1eb1d3043d67a5ee7eafd327eafd3257d470edfe3efa6c4eea3fd23da2fbc2677ea52435d9786109273308a738b9580e15857c2c1caaa32693f4c16236f8efe47da3923db93456f037f2303d5ed3d46323716b3370e91bb51d2c45741e4813fd61944087e31cd060f8d72c1f36fc659cfc7b2df1675720cff0057f57fcffac7a8fe75009c6719a9f99a9af96be7afe8d4d4d4d4d4d4d7fd6067b9febc9c9af0eaef58dd4aba7d4d1625feaf2ca4afb7635b2da2bb88268c0a58b164cbc4a2b4163754c6ff00c6dd52d3fc673ba937dad91d48fbb3659fb9f1f9fde70318fbfe9d8627a0c49e8b0e763157dbb74fe3b342f92cb49f7fafacdbe9b1f0b130f0119c5dd3fd5d965f995e05d57fc7a32bade3f898dd7a8b2c14dbdd4d79ea847ea39b0ba81e79fe40bb4347a739fd2f2f8e080a167c3a41bf375a3a9b9e631139ac17543dce5638f7b3a8e1aea754ebf895e0de29394d6126c4cccba4fd3fea0ea5ae270baa8c066bdc7c5d82a419c8a2a72bdda331dee56c4ab19cb97da41135f4bb4dac054f81a335ff0073bf9fbccdea2c991c28fd4b2986d1faa7525731ba8e4aab3939edddee1e9992f7507bdfd5d66db69c20f565a139d94d3a6d2eb7d2663f4db94da5860033d36356089dda28f01f3e913d5b37b7a86fc9b9e1b2d30b3fe4b47bf50e499df26732626e334cbb9f2adf474d15a61d4b422a6ab08de88b0dd630327f1dac84fbdd68beaed5e9d3453e7a6e57856fd5074ebf5ea7a4ded9755ec32eacec8ab8705cab42320aed5a882a9d5f2ab2cc95f5ccbb1807a9abf4c726ecff008a2f472b4bfc5bd54c7f89bac591babf55b3dfd467d9ee2bc86fbaff00da15c5cbec6c13d5ab4d863d4296fb16c7b0372ed525f80c167e8f6dd915641e64347df8982fd9ba969d4ed7eab9155f90d5a804cc4c96c6b932aa6bc8dc169d033a061d3d52dca4bf13128c2a4534fcb7f20eb392c0cbff00577f3dfc87cf26e6a296b152dff163f2531eae4793f36f3c7ba7c6b1eebb19c107dc8feacfac5f4ad50d28d633cd2acbb3a8a479bfab337857cdbad3a9e4988083e3922fb9b8f9e0a84fd6ed92147839ccb2eb4da39a1366fcf85f7d930687b879d4333b09c13a550316a37bf4ba0df69b5b37a961d285117a8b8261ea568f65eb97895f597b17cae4d766f88aeffdb6a6fc2a5ee6b272ea54d652db3a4e375343674acfc7f89fa65ab55e5fe27415923fd63c432faaf8be9d39abe34eb483b39bfaf741bc6ed6ea9f0ffe3f55e810f57e863ed6eb7803ec7ebaa4109766d979f36ff23c2df4aafcbe1354cdb1e835e3f49b5d7b5e86bbedb9075dc7f4999da0482cbae89d3972f07bac31d3f78a8c6c472b5267e1b62e5b63d3c8ec09dd6edbcf847fe675611b63df979f3cd7604b2e0bb507249e33bb05b05820b22d9b9b9ca729bf9f2137373909c84dcdc275bdf359cd7e5ca7517ff676ec78027bab467e5cda29d39241a967beb4c7ea78f68ac6e7aa76234b92acea87ba3640676309d46bd525b75f77d359c4b9c99fa4e49f24e3a630d359630fb6ccae3ec726d71e294e419d9ae6fb63becfd4ce252de483cdd199583d27dcbffea03196d831a936b6354d9379b6de4d75895a5d989d3f0d6aaf2b3577cc0cd6004afa82ef46a7aacf256bad5b69eafb7768d194c534957507e4aad8f768ab4cde9b89d480bd6cc8cce9d415ea39ad574f6093031eb4edf036db5f6b8e5518f6d012eafe1be86d62727e83d0ea4045981d2168c769d4f07a5274ceac68e8b4e139359cde8383d5eacbc6aecfc09669c52c02086b13e0aa55bab64a9c7e9748b2989882a7cbbe75de87d5723399f187c39d79674dc7eb181821148ebf4fae2a9d3b2c04b54d5f1223d5996eb1f971962d34b846e6f42a32e06f25ead2dbec20b7c6a772739ca7382c9dc8b6c5bb940491e39111b606d989e2b148df9f71b1b61efb3ef3ba3f3dc1a9dc86c24ea59a01999b26a1f6a339e5b19003719eaab6203753158c0769cfcaac2ff44e24f89b048339eb9722dc184befc9f3d8a8641b1f6458efb9550535bf6119c47677f6ed8df950dc965756898444f3c81b7a5e16403cb23e1a553ba474dc9577ae32bd2191ace67dbb56186bb04ad8ef52d4ee7161e99bf22bd4a84ccbfd5e5715d8a902caee4c5416599dd50deeec6cb4b1f1bdcdca6c218823209530e437d0f31b2152d406f7082bb05598978ada9af22ea4239a3a8017147eadd1929aacbb07a3dca15ba7dcdd3153f7aabeea971cd92eebb874ad6f8e7e21c3b1293323272c518ce7a9bd87a4751ee74ecbf46d5dd6d997815579d66325741162d9d8b14540ae06bdecc6b7c94e8bd333f22cb1f1d7a2f5d074e3a375dd1e596b9584ddabadea614853fa8d7b5d7ea080f8fd400dc1d47eedae159dfeecc9c5375bc85d47728c7498e1b0ea1afd473b60c5366beb0d3909c96061390d4dce622bfdb02dc8db54f50bb8d95c429355ccfb55e7bd067423eb36e5d2dc782e51aa1ccc87df0aacbd77cc9ca2fb0ce2ab0886fe74b0237e21bcba2dd2e7718f6f2e635e717b62f062b0d89e3846b7873b265f4c7c6f4ae7b83b69606ce6d59ac50b72d820c0a5994d8bff00ce2d0d577e7b3af7b400be5de853e7d461a9dcf5d8008d9ea5d33f35f54e97e60eafd1c4bbad74924b46eb1d3dacb9a36760bc397833d5e1c17e31f657a0c1c77e2ee3c86be833a9657a6a34987a51cca10cc5eccbcc6bddd893bf95345f77f10b72b0cfd47ac649c4bf1ad9c8f9818f88181f75becab4d5e37c4b95584170eb6dcb88e9fd692efb3a9e2d7437aca30ba8b2e9c926faea7a3ac8c25c9ce13017058f4e16e6636465821fa8d193e80d0dd3716d190fbeaf55d8d862d230d17130ce4f6ed0c80173c780a6dade9cceee3f51ccc172f8c7aa7563a35d3d7faea1b1d72ba866e4ddddc86fac1dafb09a9a108833321b2fb733b2adaafe2998f72e36195e56bf4ebc9e9cb68c9fdccbae8c7b1d45a29a176ecf8c17e8a6da7ba3ba71cb6f8bd6a86c49da62aecce3b6cc196e4e6a60b315bec3dbaac355dcfb3d9ed8beb5c81cd99f438f2fa3940198a71f7227a7a2bc7aecadf22fb0b70a2f63522cc93fbd74e7ed2b3c4a026b4bb0313bb97ff155a06f698c4f744e6108e5fa861a2796eb5d34ed063f51cdfa08fd66eb129af1172ba91d7757e22c4c2afb745bf185ff00f8ecf89baa5be01ceea577dc6bb2cf2fe92963f50e9d8c7d9fa754b1b17107b9c6c18d4e17e38637e3f684e55c0c9f81e60a9cc18f61831ae8b8b7b788bd34b1d32f47d6b4d85e8e8e2d9386d916771fd2ba8d06c73657db87a358df6e474bcac64ee3e3bf52aa903a3df95f11007d4331762cfb23dbfa0187c7b237d4375655949e75e37c4592bf4dd819553b1aebc2ea4f8b6146f48afd47b51b12c5beb5aaaa6d358d5f464fec956ab3ff0052c9b4f57cec923d2bf672b3307a73d2f89983371a99fa5f535e5cdba6e6ed58dfd273df895ab02de2a2daba4652d9672c9e90fc156bfd1f209d15e8cc15096e93a3a8dd2ca83b1d3177a8727f796b99196f45c1572721a9c7add3d45a706dc8987976dd6b0b32f231edb0f6fd46c046ee5608d2f3d92fea99955650e2cf36de829650991982c75aea0fb2167fc5edf75b91a52c161a5799b726cc7b551cb25eef5857b3aa0b69a6b5e9d92783cbe8c8a576fde1d9c2a4d6c3963ef13331d6852737ace2ad96b06ebcefbec1eb1d577b55cbcb35f68d99397903567a4c5feef4b81af27f4dabed5c9a57daeea807857ceb1e1fd46da96c2b85759eff00a62a0dbae2f8d836e2d7f736751eca735cfd9eaf23f3df6b7c4d39fb3b597fdd474e7ba3746e1e5ebaba2d4ca8d838d87a04d2983fd816bfeded31f67c5b5a1c2ff2f8491b0ab8d86ebf6119b5fb7711c9573861bdaec02a3917c662de6cc4ce4f297afd5fbd827154f8c6fd48a169cfa97e592e6fbdb1287fbcf4de9cdee7a1f4d7f67f86d3ff001bf40c85fb5ba366ac381783a830affc9c0c913a7e265d59753c7a8b3ec70b0712bcfa837b599196874c32eff1cb2f3afae82ce94b3e0dcc7a75ddab6ea54b31eaa8e7b8da1b27cec93e0b16f2203a84e8cde8f83e06e13a035be5e66c2ef6c989dde52ef4cae1aebbb2d554ae6ca6bc4b4ae2e4a5aecabdc6f1390d79c4665babb12eea190d4b823313d2b572dea1914b56ad6dd75dbb9a9661656c1bbb4e258d5d86f6676b073aeaaeb5ef3fd5cad4a36ac2bc864d0b9f37c57bb0d8dc0b5bd51dd2a5c93d6db96f10f51c86a6d57bed39573df70715f9adeeccb7dfb2fee786a6809cf5ed658e637230a55bfad2807ecc5cbb7193fdb5f96f68a3bed9aa3d9f3320fdb6b863b7db6b617a7671416338c6afc3271b58aa1af21ebedc6c1ed0db0a6db07d18dd13372456a707e0fc54d3db8f838f8cbc112a44fb0ef6035493846411d23a47d4631b837899988d68daf4fcdd9edd8145c9a2d834a8363e4f51c3acf143d5577f4af5bb07b0eace60ea361832ed305b6b45aee7898590d3f4fc88dd387f7fa1c25fb9a9e9ae115eae9fd3cfdb574ec71ecb85593c62e02883167a5aff002f878eebc5f27e1ac4b096a3aafc31d6b7bacae662feddbfb15eb9625ebdd4136a7e98672d780740e809be5ee7ccfab71b97d5023151384d620f7de1cf5743a8045d8e6a6460f4545bb5eb4840a0675884707ea99b6f9b53a865a8654397927c0f5795ed3d56543939037b4c8c93b8b65e673b0f95e4c3ef07de0b5082c4e5793dbd665b0610ded9309df8eebe9f8489bb2d5e9e9f696a47daec90b0fc7d663d95afdddf1fdbcae695615f7c4c0aea1f597a2bfb1efb0c2614b08e44748bca0b6f03a3e3fb1ea57aefd25bbb9cd970ad0435032ac3bef2ddae99f0f7a875113a0d74f137d2b4d2354005b64dbd5f0283c1065f51cbfe0c4c27afebb79a20f06e303930cb7c47796308c62bceaf8e6a2b9b5749ce16a713d49bb94aa8b31fccafa75f71fdba7e1bce7f2d5fc348bfca9d17a757ee989815fdbb0a3f6ddf38fda71f32cfbbf4be5f7af49c6fee5e9d8022e1e10f6071ea9eb30d7ddba874e238b7ea987530d7eb5d3843d73a6cfd77a741d67a7b419f88fed6fa3ca1ab327e17e9b91bd3fc16d45a96e359d3b2e9d96fa498de0c24fb4d41ff00cdeda79e53ead806faf3982fa604fe79187cb6e0fb0c4df1138f2d09db2019af2b3892ba9a3f4922b1f8ed1d6c765bc89da8b51e3313a6e565ff00c73d37a7e2a6f232fab618053a7bd85db93ed9bdfb8c217773a87f68e97b79561262e367c5c2ea6fecf4dd5394b7babbd2eb25a5582f94484fd333c7d152749b836b2abe9f45201160631ea33b24f806b1e677f0eafb8753c907fd9b936397b5ab70bc80477f13d331306368a88bd24527fde62f4a6b423df415a2b2b8e19ac3f4e6f52c6c03c1cd7d47aa79cac4e9b45206978a7b77264f57c6c7d8977c417b78adfa96659e49cec9117ac6657ed575d66f177aaaed1c939ab7b03005b15abb13b9d3336da196e16d60c4baaa5b717acde3c2feab7bfbfaa669dcdc0d07231f271eafe47eab8abf6b7586ff00c6dd5739bd8e67527846659f7762cfc8aac8b4b983187f714a3b9dc96d5591b57a276751432caefd7dd565e30f75cfa07b7ada5bdf268c5caf22ead90b2ce5b69e2790c4c53e4c6e20a980fe429fa353fc0009de8f8dc1a9c740082a2e80c2bf409db1c809c363cf6139584568bbf0d5791028d4aa87b8bf1ab1134b63df9377d290f4d7c83cb297a36313b65e8f8b13a46208b858f5fdbc179aa004885b40939bf12e0e29edd393d4babe7821861d5ff928c6b324f6f131ba056ba6cda313856ab0915aeabc8b6d61c67a0a58ee1e9e9326a14546e997d46972531bb16e411ddc7e97dc6511ba101c1659d231ea5faaeab02ad98ef520fa776750bfb78d88ab4fd1818983562f18d67d5a3774eb73d185993d56db9860f4bc3e9b8f88a0cad3502932eb2ba50bd9d43ac3dfb4af27ab5084857ea79d67da6ccb6f70d9abe40cfccafefa7a8d167875b9eb2185593ddf6a2d16f880ea75bc5f5188b969d2f279a702fef156046fc5995463ff002bf5ba17f8dface537dad94d6ff2d77d0b133b1960eab8a20eb18f0756adbdbf504fcbf50c3fefb7a9f4a45662fd66e62cc5bab6419d3fac534601396df1261fe2cf88c1fb5bad58f31b03aa65a0b0dd85d3f035ebf0b0f1ef40f8e316ca46cd376064b355576b8b79ea38cf819aa20f0fc63123db5c81301d88013bda7bf90c07befccd0f78a200018bf6c5f6d4d7b4406c20c3f4fb0d81166fc8112aa75dcb6844bd09071d8f935274aa37cbd774541e1bab74d1edfadf4d10f59e9cd3f55e9c20eb180b6d8d327e28c5a69e74e475b6cf3feeebcee9f5ae92deaf8aa3c74abba4dd525f7e33e2e453c68095d5e61b7709dced833b75568cf6750f88eb75b1b12e39bd42eef64e374af6362a60e389475102f409d472b22eea75d2b998d9786ee6fbddbed21dae6ec578780d9348c5c6ab00e2a9151bac7dd7450b5e3a16b73b3afeab68c2c4c2c2af12be15a201144c9c9ab1696b6cea9d61f24bd9665675b94782d58c06b78fd3aeb8803d2e062371c86c9e9044b9ba7b032da10eca53916e29e26bb87d365696ed45c955a2eaf90c571cb833d4dd2ba8db8f2ccfc545faeceb2ded4dd9d9577f273d7b771a771a73730778c14e4b7b0c0cc78bd1fa837b7fa6b3ecf7ff0048671f6ff47f51fc5bd0eea89527a5dcbe655d03a8e4f9ab2ba064d07ebb70cd7ecdb067c1dd377eabab64ae43dec97d9818898846766e2e5d8ce19c38d4cfc5c5ce40b90f977e13f6afeb7958b9dd3caa63d9dea91e1876175f2d684f3f21ef390d7907e8dc43bf2534428090d9a1b88fc6b5503cf886c0a4006c9ddf612cbb4bbb2ceb0c828e0fd52d733d7641f6f57953d4e599dfbff2727ff6f5554f598ff9b6fc2e639f73a2086fe8d3b9d21a074541e9fa3755bd79a35b9238ab8f551728439f5d60936ddfaaba7a8eb7d28db51b28aba89ac793d5cbc5b33320fec8c0eb3b0d193a9f256baeeed8dced7149f7e91d2c5ed584aa85a53b75e63596114d7d3ebc8c6c7b9b3fa8752b33ad5a29e9dd33d3d338595fdf59aecfe32510166eb7d5bd65a5572b21b2ec0169abb604c3c5a6a53764e6f53b1b963d27202fd205ccdedb75d31da3931d7d95e9b5b1acd1c3b825801a99f0f28d4e0f179f10d1dfc2c6ce4c15a2f4fa8f49c4b4f8b7a15806e97c67a9f85bd99d9305505622802215112cae2dd4c7ea98f578aeecfc8c8fa5f0ba365dda6b717030b1745326d1d9b998e2d0c380ea3d1e9b5581ea78a71adae3631c6c4e91d2543a232ee947cab5ad6a69edaecdff0011e06369655f11e15f3aa225f57a8a32ebf02c5c06e36bd72d6d1f01f6637d2b01fcc51ad91a3f80b00d98dc4002051a1aab7e4c0c0427714f883da6f6772cb38cf18d5b5b75f6b5e4bd9939406eb0727247886fbcfbf373effd3cf6003e3e788ceafb181670cbae51717c3c711ec22774cfe423758d7d4d6e75b6d0f4afe9bc9cb9a68c9ac6ab6c67b3c5cbd2300f965c3e994c5bfa5562752ae8cceaaed574ec75c4c7f39fd572f6530ce675d631b17aa6611dfe9f834627909689dc960aaefe5f882e18c898f5752bf8a8a571eb50bccd5c6a53758c6e1ae5d53a6e363f4cc538dca62dbc5b6322d3674e04ab87d06523cd56589ee8d8961d1acb5c7231a8b25167769469886bb758f7638b70336fc4babd9f3157c4b69aae5e166674b6a017a0180ce460e516b2676a8a939dd7057130fa65b9bf5261e062e0f9ab94676d00aece5429178f737581847afd6756e8d443fb9d4b3ac391613cd474dc5d22cf8a3ae1ee1c3c4afa55b7a9bf22dc514b6f1fa675cba8b785f7d759d9ad414b918368f823ce847f6008813c783b500ce53fc43a3011ed1472edc2de6085c6808a4a1ba514d99360aea7e152a4b6e7cb7e531705f2afaab5eb7d1733a6b23dde7fa74668ce267069da733b166c094e0313bb74889c56b62029183607aedd5def17cca69d57dc372d8a159fbd557f78cc66ff008e4f557f72b91ff91a9c03fca94748dc18dd292a679d36956c8e42cb78af184b318b5acbafa2af71d4d79696ab2a7026bc4665a95ed7ea3986fbafc8b1795f733b56bcdc4c702db6cbdb372b9586b18d92fda354c8454b9c2620fad8cbbe9c3c611e924fd1461e564f14854d95ea13c592d5c27db3573a53f266a8a52c5481f15d1c6de9dd5931327922caaf060759c84cfe9e1f7763a68cf139ebd9f299078b2f7e44b74ce90cd58bf347e041c3ea8003a2088c3ebac43c6645aa945ed3a0d02ff8929945dcebceba6255deb937d572d7a674abac989db2d7666565e6d96ddcddd6d0b5b5b72efc8e91966da9b1da8c016f3bacc8c36fdcbea43a9633371d0f0772dadafa9916a434d295c3ff00df5b54a9c58392fbea06fa606f116cdf29c86f7031b6c54af0ab387921667657a8b0d48ce12746eae3a4e63643f55eb987d5d94da6ae904ced7459c3a34e3d1a04e8b3b7d1676ba4ce1d2a6fa7afb364630fb6cc9b1815524c6d99578669d27631aa969facc0dfe3d430f15ed079b7d6d55ff159d4329e16c9b2252c7eeaf1aa0364254932afdf1ac74e1c2adcc9cd4ae3f50b5cf839b91c388259bdc0315dc6a74fca6b178375acde341a57aa5bc6b4a852bc57719fb3419967f4ec1ae9044a9caf161943cacc3afe9dcea8dc131eb032dc80b31543a02d7580e4dd68b534ec26258404330eced6706195d66ea5ca537e73f50c1c9c47c2c82068d3931326364302912f3baf79b8ff00b632abee46b8085bdc9e9d820f0cab7aa5bdba78b63f50c26501b2b30635d6a0c1e390bce9356a32feebc7f13aaddc30ad13e17f0fd7f3a63ed3a6573a453e394f8df2f76e361abda3196963d48abe53de9682d898f152c7af94c4b3d3e654d28bec54fa32b22d29606169f119da07311e774ce73d3095035030586771a12c67d737afbba7750e8b85cda5dd5312eadc50994796c9bd15beaf54df56bd41d99470b515a70a3537509cff00c73b217b21b8887221c910d81a0acbef5e9add89e8edfee5a17be5274faf8e2e48369f263310235ec3d9f2ed13f52bc7b7ea597fda7a97519faa75213f58ea9e61ea59bfdd8f6b5cc198dc29a408e5ad7d91599d9260c79d886ad7994e4fa4facf52ea15bda78dd7adb6170be7df138db9d5b3f5a7739871d986b52bf697af3e0063a0fa5667dc6fb99ce2d26c7d9b1bb14f3946983297d9a031afe97b04aecf3534ca7078994ddc6d596fedde48aadf695db0d848581c2eccab297c81983b36f15c845a854e31dd1ed259ba9b952b1ee4b0edb9d71af0e76cb97c1788a3e22caa34a2ff00887238828dd67398f9cfccb1e9ab9f45d637c0fd4b2255f5616301d36baeac5467ebb99eabac65644ea8785d5d02c05ebae663f66bc30aac7d28e592bfdc31ae268ade64da4a593da19e04e4633181c7e75009a9c6719a9a94f4ec57a6966cea71a8c53d83fdbf2dfcb705f72fda327204f57930df71f72ec67269c8ce4d3b8f3bb64eed93bb64562e7eae9b613488723db62dacfbf1c479e9b18cf414343d2aafc7e94821e9d508dd32a32ce9635e30e8353f1390fcacd4581a03ed06da1edd69c9f2fa88fb6a66bb22f4a96c363b9e6a766033e13c5f539f46fe23c0c45ea390f45c086d14587de5e7d3d1c4a566c3c9e94095776c2e725cd8691c6c0085dbba94ff00c24a1fa65a4b22ce0d2ffac6e23ea7a861e02e45de21c9bc8d42d618537ae5c10820d4a2a40b394dce5394e5397f8761c8eb7e44ea56fd044369abe1ac0c698d7018b4acbf25bd24b5b9e658275fc5bb13ab6725b4aec2cc95ef64f09927cf117aed274e61e8aade5300a56798499c8ce4d0933cce26719afe8fc19ddb2b4016ee5d8b031fedf98134668cd4d19a33466a713384e13819c66a53f7ce987f6ae10e8ce027033444f33ea9dc713bcf3bcd3b8e654497d9085dc99c668445ff0017e51a01d5d936dfcadb3f7eeaf26caebb93a53637a5b28f4b857b327f984e94cee362f47b82a5ce9e26d2ee248017931a6e5401a7672724ed455553b3765df75db63d3d79d76cca5eddcdab17d985de1b2749fdd3ff00109f8967f699f69222f93b80ce539ce739ce73999ce7233666cc4241dce5198cca7363224ea678558548a8fd0a25cffecf530dff00dfd764395664331c8ee765975dc4c64362e0ead4ca42d5118d493827fd855197ea69a844d4d4d4d40201381fceb5bdcd6a7896f5fa295a29b32fad63dd5b2d6181d08a3e5cd67313909c84e426c4d89e3fad1951b6d5e6f659f87ea8f3f5569faacfd584fd5d67eae93f5859fac09fac24fd6160eb5a33f5c6fc57d5732e6094d385d7ec1cadbedb81e0aeb4d2eab766d99165bfbf939ef7d99495f4ee9a28c7baf7eacdfb0822fe2379f133fc62622c6f0d1760ec776b6aeba0e07491d44e4ae2d6dbf76b41b3b7322fa996959837d94d8c12dad6eb00365c2ba9ab37afee58263f90b3d935f26f2ac238fcc53373cfcb535009a816709c1a766c828b753d3db1a8600ef16a37752ad27557de52a4432fb3fdb1985fc88656bc8ca2dbb1af2253f0edf9b452e89818b8961440b7dd43e4363642d5e92b7bafef913c433c4f1342684d4e00c0bed381f79a9ffc8c78ab31cd716f6dc4a402966c330f62ecdeff002652a489a9a9a9a9a9e7e5b2277ad9ddb6772c8e2d50bc97de30d7f40dcd980bce5609dd7888978712ac76b089d2ba0577e99abab0ba650c573fa9599ece95df9bc51fd1d1918985d36be37dad959375b3a2f4473fbb6754a862f4e083ab1f18e22fb88839594899efcaae98622358fe050dbd4ccc67c7b10353dcac96afa5f4e4c9a5e37c338ae0b33f41c4c51ced16e087ece2e6599a9579a702cb30abc94c84d3d6d303cf6e3fcbf3a8e2226e5380d645e8ca7dc743aa7e8d489fa66309e8b104f4f8a270c659ba9635e8b1b3c0f6fd46d60c47eb172999397d432ceabe89d12dc74bb3332db3bf956591265b6b11a627df5cc2b6fa199ea557cdea2b5ae45b939ff06d49d3be10a1727a865d6eb8417a065396655ba9d61bb5f6d9cbb5e61a8cedea7013b5384f7009037e271f71382b4d2fbcd812df28c25dfc58ff002c51b4b66be7a8b59e3718d410ee22d04ba09dafdae51a8d3388b46d944edfed728d410ce22d04b289dafdbe51b1c82c2514a773f712915736bd57f70097ae8a8fe81edf24f79c630d19d39795d64c2ab91a1651c31e8403e24ea2cd6534ae75b73d5880db79b6aa2b9fff009d33b75da2c7e9b9989915284f891d4518e83aafdd441f70957f351333cd3d3652ee8ff4fea1d41a97a1baf65e1e6e72bd753637e7e0e4c1bb1b3107c61d6b2fa6e5a74fc3b477f563fc358c323aef6875bc4350b50e161ebe1c4799cbaed4c0f6ae319b87f32c1e4ce9e0596e8d588e7dabc0b4cafa75b3f4dffdadc2c75f77af057dd9fa60f7393d2046cee8c23751e95f86ea5d3ff0bd4b14b2f16ea540242af56e276327ac646552680b5e8ee27bccd3fed5e639d324ea17622655d460558dab2973d73ae647c374f4a1d2c7c45877e7d99e9765efe1f0b28a05d6bf2455ad78a79f00ee726f1ae67cc266e799ca1b17e99dc9cbf336adad009b13290d62b5f960ff007ce30c447b1d513a8515e2e40a6bb90e30beb365fbb6d32bbf56d4673ff6dc65976dee312ed59599cffdb71965dbb2d312dd5b599cff00db71965dbb2d316ed3d7390ec6a2fd794265afeeea1581770d662d4c7d930ec68bd3b2bf16e25b47f259ef3a4d7b4ea96cc3a85793c664648aeadcea761b32989bafef8c71099554d61f14e395d4c1c96c5bd1c757cb4ca6574ea9fc94c1f70959d59418f87957d182d52e2f67ef5b116c4dbe4657abc8b6ae95d40d299e333a1fc37d5c6674dca3d7be1ac1ebcaad6f58f853ad7494364f80347ae64d8dd79ebc9bebd52b5d7f0ef4e132edaedaccc3f0a9099b84c73f6cfcec77f247b1baf3ee493efc5271ae714813fc0a6c3062e41f61839660e999862f4bca600c1d1b20fb8e8ec3ee3d369411b1a8485f1d26564d06875159d112dfa6e685c2fa00d5e65b6d36747cda715ff749e19156316bba6a82ae6709c276ff0010afb99c3fc705fc1af535ad41ec27bfbec4dee6c6b67c68f2eaa843d1353a6526c4c861186a567b7a21b6ce09cc523b02689306fde68fb4f2679f79a3ed3c99b3ef347da792679f78763626279caae65ffc878623aa1d9b32701998ca3ab60503c27c4d8ebf6a7c686b5fdbeadd65fa858ceec766745a569e8f75d65761e56397bf63eac9b16dbac61b95af3698b4a8026bc475e2d2cfe2ae754fba883dc4deb4661f5b1d37a46562cbefb4998c372fc4fa69b87494a7d4566ecac8c8bfa4e7361d5d77ab50fceaa7e39eb1c0d7938fd671ebc9b72a8c9cf57b31c8ea77f63a4fc3d8b2f7d7744afe80827ef587f6d7a7f5078bd1f39bdcf42b9eaac44f86ee23707c343fbbf43c14fbfd0f464f7e1d116777a3afb7aee9abec7ab612fb1eb748fb4f5d6fc1ebf7fe2deb99acba4fd52c3426dba813ee8f7651d52bd23aa37b8e917ff7fe8d66b73368ec111614ee5d4cccb35760d73aa295c9aae82e534933e207a0661af1fa61b08e0b7f4d6c7c3f57681e743df4611c06e6c9e5367de70308d9f1fdfa9a037b1af00f303882ae003ae9948b2cb6d3d780b5aa656f13a65a53d4205f31d7c4a9d558073f4d9a192b593470aeb5e75ce23d3ee3d6bdcb62560bac2a3b04cb2b516591117957388f4e4c7ad7b96095d6a5d2701d8dcbea02db674ea8d9988a330ffb9ba6e13394e53919c8cdcaab6b5d117a865e055e9f0b19b3eb0084baebadfb878067969426a63fb0825a23ff001d73aa7ffce67f887cab4b3eba18c6fa92617f74ca3bc0b62bbd98c6faba47c5b9b8ff00b397d6f0ea7b1f371df8f8e38fc88668b68286b719f767d7dcbdc9b79ea8c5cd67e558fd7517c3657575fbdf3b2ffb9f31cfbbe6dae78902c69c48f92e3df6fda9d17a859ecbf0de79fbbfd3a57f90f46c05fbdb03a5246a7a6ac718dbfa2eecfd3c70723a262af27c7ebd464dd5d2f903e12c1d9b72be2cc2a414c0c9eaf919876f9afcd2a8263b2f21cafbdaec96b8f54faf1b05650780a6c3987f70a1a6cb146abaebe59149b1f1d454f680e84e86ea84b126171bf3cd670038342ac09d7d7f9f7fb8d4c181554776e2bd170da8e99d539f52a39a3eafad95f4703f92569e04b6bfa230d180f948d79fa445c820833bbf4718720924c17904186dfa38c6bc96260bc822773f6f8c3792cc60bc8606774f0e31ef2c499836b576f317372b5cfcf4668ce267122256f63aa26574fab0310546079cf7ecb8ecfef561d3e263f4fae53854ea58b815032f6523c11ba94ceaabfb3419ef01f695fd55709bfa4cc15f0e667b76f06959d2c866edbe629aaffab0330d7aa5edc2272d29aac4aefb1b874ce8e998d906c6ece3d0fd852d51a78facea16fed81d2739fea75e955a7f263f4ca1ce928e8799c7e8fd06baff00e4374bf86294e791667fc258dbed1f89fa6d7fc0ff0017dbfd967c4f9efecfd73a83c6ea39adeed917b7b924fbfcf5f4133a6d5ddc81bbf36cb5989e449fa56bb3ee7c93b000115b8994e2d792e26629b729105990a2b5723763a886fa13629ef9dec61daf6e7525feef71c3c09bf3a7044f1bdce1b586af68951f0140fccc6e976e4a77adc0cfe97844a74fe8d7ae4f4fea626650e2c16d795838d6ef7fa66753b7a4dbc0905afd88de66fda5b6d0d6d8c81a9fcfec4ff6d378701c19fec21187f8231bf1c53f0575f3c704086b624c3581ee7e756264d9a2b5e0873f5e1633af24c3aba4e2561446e8b5df0fc340cfd01120e895ea51d26aabea3664e0e38216ecdb2d32c731994564b3753c4502b99d9746453c10412bf72b2d1f5fd3878eccd4d09d53212eb7f6fa79d813add5c905e2a3f89897fd55b335b8f4d068970aba67c32940cb6d766a98f93854358721be24b9470c7c7ea19d94fe2aea78f51f36f5a0e353372aab93c7cb4668ce26719c67082b3063d87dbd2dd3d35d0d17083ed65831bd074b01cd95afb77adfc771b5e6c6dfcb7b8ae44eebb0d9baf67e208723db6679949c85fb6a39440d852bf4d8a087e308dec0e238e833ef9184dbf409cad3e4f41c04cdf5b9193d672722fb8f3ab28e2d8af3e14cf4ab2fa8e0dcf8dee966574e65dcb3a7d45b9435e66b897c1adff91fa5e193e5ba4e19f66e938ffdbfa4887a4dff00d9fa2e77e0f47ea021e959a3ddf0ec4f2fda59c1671135351117dd85952454baefe21d33a83c1d2aedfee274b51ee985c47d3e8431d9af099800d5e1944e565dd7fa1e0f817fc7793ed8d87f1af76c099ddea8a92f6f59aa9f145f957e4372b0b0fcbdc88366dea5503f4bbdb7b6da8c2bef70887071313fe5647016935fb41ffcaf4ee9a37578d8f6a8b1cd8ccc7a71fba753faba3d92b0c5c71a3c9e3316b57ca169b2ff0054e4d8f69b1edbdcf9329a9ae708b6713aaeb5558409703e045c5c97fb53a664bfbb61aa7ddd8aa0c607d8623418f70f634e44ecdf0d4df9ed42bc7dfb958f7c1cfe99816f78e6f50c8cfbdaeb796a72337f3e2d057637b0c5bdb717a7bff72f4ef6313a7d7ef06156386862d69adf6bc570227bc207b2b03e76482166837d2381d68b322f701afaae4f4bb2ac8a6e7c4eb14b6461df8f6a7976afc86af0be27ea784aa9663fc5d8370d5c337a3e4c1834dde696e97788702e11b0ec8710c385b87a7547ddba3e399fa3503d874ce3f6e6e3595d0c0fa479e91e594ba2b19d2a8ca343bafa6cb3063e588b466cf47630fdc1d371c798b863fb4609f76b6ce978bfcd675dc2afc63ddd73a8d9fc7773c86e77d8aa23fbfcacca65ae843eb21cc3f8c8ce60c56b0975ede7a7746aef244bfa7f4fc21fbd767dc50d38c68b3f39f8fc28a2d1ee6032b3fdb324b109f2e98a4f7a6692f86d8c3b7af14518b621a775f2d58ab9edda5f42b6b7e201b3a8a9da5ec8defc2eab03ea2b8eff006d032058fd95c2ccbbef4e9340f36d783d347b7a6a685e52ccfc64f11faae38f67ead518fd481f639ae7d8e55e61b2c6f79a814982b63062d87517159bd861ebdd30d48dc18f50f618f58276b5ab710be9db8b41532b0002d85cbc35a6beae1c4a88a8c1949357d204520ab474fa78b701f4f1de8b108554caf9b12a033701c32ab36a7d29664625fcd31faed36fd39cfd3b0f301b316ce999357b3e3d83eee2e9f6ae45cb29eb19f4fd95fc57d5eb89f19e78fbd3e361ff00913e34e9a7ef4f8b7a1bfbafc45f0f3cfd67e1b6995d73e1aa136327a9e1e5dbdc6f53850e4620989838796cad98afd0ab5544eff469eb3a3087a974658dd6ba5afdb67c4558fe1bbae751b3edbaecac8fe5edf1f6f03dcd950f77c8a04b3214fda4ee515f72d406fb793b19cffc2d37da342be92547374f494f847c8c9b1425856b3e4d1876bfd55df8ec8406be916f4bce483dfe6adcc156af0f16e56e38785e931813d43765cc830e874d94f5ef5566a4b5ff004a5e00b041a1a2c7412bf495adae1828db773719e73d18997dae5a39f77e3d7657e0e6e598cece76d353899db6831ec317159bdbd2686cfa41ee0620d18b4807cf63ed0dd9482bdaedb8a8002ad647d5037b98a557460d3b209fb41b40aaef82850cba2ae0060a3414281c52d33fb9540edece9df7c67363cb4ccdaf05cf925bb4fc0377781d939057ecb2c0c344ebf0acc876b5f57ce4d029d66b6fe6f57d22df7ece0dbfc7fa5dcffc56f4ec8abef65ad7df8ffebfb934676e70d4f1f9fa66d66d41dcefbcefbcefb4efb4ef19dd9ce6e789a0676d8fb0c7b8fb0c2b4fbfa351f77a7abfb6ac0ca6fb2ae8ceec011d3a8c6ff91eb16afa70ace76b73c8ee003488537b6a73ce2b73a2dea99b94dbbdb2157cc5ccf2ca7da6fc41f24b483b95750b94780ea35c39dadfc9ebd31bfe116d7b02a4fd555f894af2965ed63b3bf21f9e426e799a69c18c14399e96cd6e7a3751b3561f35e446268318718068290bc5276900049f3c59953932b563e9e20fd1cc4d6c311cab7da93501efe43079c7cf92513ca8faf5bf0fcb5a1bd4eddf3f79472b395677cb9d40388fcd56e53628e3a2cbcb5a65fa82c7e20f23c19b90858f8837ec09054a965d9623b7c8c289e76d4ebd9ab20e8cd99b9b13c4af272a9fe25eb3d557c4fd6328ff0027ea951fbfd774e3ee327a49f7191d2206e90d3874a829c03ede971cfb7a3aa7a259e80cfd32cfc7e9774fd32e9fa75c27a0b27a3613b1a85504fd99ca8129bf181832b000f2fd53a727f1bf57c9b0141ea008d95fe7d4acf5227a813bf3bf1ae86d31bee304dfcb73c1fbb8a0f6dd6b19f7eda2676d8cedb418b678d8c56f3170760330c03ae53d122a12571caf1d252dcec2788560d152d21627edb801871d12ab53ef60332a0011950bba06d6e91f5280c6ba6c3c947001d9900643a08de3414a8dcdd600565556e4d02863c8284e2ae7cd6fa8d5bf1d91fb33854a9dc04f6741d1f8b30709c02313e00360bb868cee1fc9bd89510b226cc6d109a36a71853d8ab9af83233b0634b0e2187d4aff004949c396b5d927409ad09633d383ae2d401eddaf6851842a47be9a6cce5394e537373737f3d4d4d7f4ebfa770399dc33b8d39b19b9b9b1362729ca729b3f2d401a68c0ad056edec31ec2428f4760d065e976ab71230d39d641c7a86894c7772a12ca80d926be28c2106947e1db464d9660d5a39a9ace5a8ab55aea003cae091bbc5856aa6cadf6a9d9003a0168e026d086641dc5d9aa93c83a8b0d84247e7b9cca5a2c77360279b9e4c15f553f94e4e3ccb919748484b80e7cf855fb35b7259e989fa9d761bbb2caecadcb36ca0308b0d2baa892e000bb46d390ab5156dd9e1d69ad3e9ac974f6dfd421b0b0d0e008765e5626b49c0ed428046c11f5ac34d6a38cd278457dd3e0b0fef6764735c1a2402a9b1b229b1ec22762b6f08d401b30d487d8e3ea1c7206e1ab5ee692353b73b6d0d2e06e76cced99db6f3bed9f13819c0ce0da9c1a76d893ae2d057611b1c6c9a7f79c5fda69a717074783f99db79c0ced385563d970a188a493a9d99e9cfd3170b91d418638b103153de578c977f1d94d4a174f520d12a8ac7759ed2b97a452ff004bb1f4eb7b2bf0c8a9beab94575d4485b3d49831b2589e27ba4a594fd341ac33d6595ad3f5a5a9591a6e33b767d25b57bb22c64a3910acab42a56454ac2b12caaed20b11901fa78aa913b7594472fbb7df82ba1812c2743b5c82887bd17b6ae5401be627ed96d32210a38bb52433b3952d38d84e93f8ec64656d2b6b74d4023f342df53d9b2a58df5f64161961bdc64a23182d6fe775c9b02b93ea2d24bceedfc59482594e9aad2549636cd6c233720c232f8e049b77e795679f07db7876e2a559093b784b1d9838155337c788b35a33c71463a08c1574bed1d10f18473b1b82a371d33716847bec21530d64770ce209fad6b2faed9081c865af9212407e2d3b3ecabdafaa2a07d9a4d5ab02589586d2c34f2e1c6bab971d8502aab7e949674054a8f3c0913b046e2d21f8a28d8fdc8dba94b93fb679276d0a1b1792727e7c7e8e529e234a6b19003d4b4f9ad2c2c8dbee55c10af2b1f81fe365edaf1464acd08252141b086094d2962ae3d2bcd222bef91ecaf20b671aa92d5a8fdca6cb0d039bf6ebd1aeeb05b651539ad83e3e42aee0adf9858949044fb45b4b7a5a39938f755658ebc862a84658696d15011a93e3f646d9ecb4a2e9fb9530578baa584fdbee882dd96d17535bb38ee96e417b67910171c566066b1b9a792ec26beb6787bf6a77014b6ffa4ad4b43a89d8c9750b6f7316877e0828b36214d2daa9c54bfed05faec74e7dcd8ac79730ab33903802484c500d6ac721145d91a56638f96d335552ac6e365961beadd8ef55c2baea55edd31ebac665558bd543d6813ebaec2d90cc716c795d96256e16a2464d60045f4ccf2b24bdca6af6a44f6ab94b19b8db2b24fa5538caa33b22b162a9c2e71d57d464ac55537e046fe6b5658cc69b5ca3317b378488d9ddb6d9355cc6d44eeea6280f4e6b3b221c1e9ce55dfe8986eeee79d4efdce12c005b8eb2a2795223337a2699802df8880bb76299d23caf51d976096562f445eceae44097eb32fbcf534dd15d6e973bf5362994512b557e96eedc1055581d3112dbebee642ad758e18f554de4d2c56aab5fc98eaafd2d12da2d36617d7d2f3396179f4bb5bae4af1cae67d3fa4a2b59664d4a6fc9255ed45c8c8c8031905001e91de2b4524a6ea66aef15a66fecd59ed574b447ea211faea25375ad574b55bf0ed6b56ebbd064997bba52116927d374e33229a52ed250059db571e311ec1d2e8a2ec2c46b28fe2c379492d86acc4f2c7a0960064d22280e987cad441d34b8ac02f66c33265e972893ea6704ede3acc9fa1acad331457ea193209edb3cc0c7c7bb019edee58295d5201b2cddc02e06038c501d9d1f6463beaa66b72145998ab5750c74ae9b6df50d32aaabf53c79daa8a6cd207d33ffc4005110000103020205050b080708010402030001000211032112310441516171101322819105203242527292a1b1c1d12330536282a2b2e1143340438393f050546373a3c2d2f106243444b315808494e2ffda0008010100093f01ef477a7e64721e408209a9a9a821fd901109e0ee56ef214284f4113de9f9a1fb31e53c8105050509a87f64c21ca50e43c87bc3df8f9f3ca794f29e528a28f7f1de0fec971528ff0060143e68f78794f7c3929a64209bc8c29bcb740845043907eccd564565f303bd0826f2420811fb0bfbd3cb647e7c7204134208729e43ca10f981fb01e41ca3bf1c8e08cf20e4777eefd90fce8efc20a1047bd7228ac93518e568fd84f265bd546a3f363bc0ac9e13c729fed03c8791a9a821ca51e5a8882826a29cae9a8728ef020884423df4ff00621fdb4f2143bd3c8d09a872350e4b8f9c69ed4c45107920720ef077c50410f9a0820872843e647ccc77810e50872047be1de9ef0723ae9e13814e8e29c13b90721f57ccb3ad33ad11c911f34795c8ca6fcd66afc8391a8aba0a5028f2b5008028728e53df9f981de856ef8f29e43dec223947cc1f993de1e50100a3f681cadba080410fda07242087ecc50f9a28fecaee509c395c8a28a1c851e41fb59ef421fb39f9c1f323bd1df9efca28f787f6a3fb69fd988e408720410ef021fd927f651c83e7ddf323e68728e43de043f6b9f9f1f3610e41f3e3e6c21c810f9d1ffeb48efb772ecef421fb70f98dbc9b792a16122dd17476ad246239482d9eb29aeec4d77626bbb0f7c502827b47585a4531f696954bb56994bd20b4ea5e985a7d1f4c2d3a8fa6169d47d30b4963b814f65f5626cf64a702766bec3de56a408cc17b42d358dc37382b09b70b95dd2b61c5ff00b9bc709cd77440900df4a2d37bdc1766b4ba8f1312dae5c2cb4963b617556927d69ed3c1c0fb3bc3a93bbda8c9d81c16914c13902ebad2a9531b5eec03ef4270735d9381907ac2dab45d13d37ad17433d6f5a0e8a7f88f0b43d1599cce3ad3ec84345823e80fc552d0f6fea1c3fdcb44d08fd9a83fddfd9b318a2ddab19838ade4c4a90c75373c6a302e01192a64610d1671b877fd23518408b1d8ab69961e20c59ad298dc2037a6e01c7088c90af53cca2ef6ba02ee73ff008b558cfc38953d0a9f1352a7fc577418dff2f476ff00bcb9774f4c3c1cd67e10abe96ee3a4d4f7154c9e351e7da568d4d68f4bd10a951f4426d2f4422df44223b1140374463a4ba3f587ca3ee0b196d36973a35c2a4c755a871386a66c63773569da452fab3ce33d17a60d21bfe0bf0bbf9752dd8539b4eb7d15506854ec758a9679d976aa7239ecf083a82a71d4d1ef54ddeaf8a69cfeafc532fce3f3b66d1b150fddf92d54a3e459a8797b902a791c32da9eded0aab3b5690df5aafea289754200008b5cebbaa18cecbb583831a4085a15267f0981491b2242d0b0d2ab67368b1acc4ed4e8b0eb5a0e9bfe97fc93638bc040f836b83c9ed401e0e9402221a013276984f6fa413dbe90fdbebba30b7c11225c70fb569758022d6d7b72365a6550d3386c321d4b487c0232009baa953134e783c9383de9ff002bce3ec7c2c3abbf203b9d1e28778a76cafa17fad885868ce128818b0ef3609cff006218a73b977b516337345fd4afc5047b10e47a7a28a28f2eb3f2a7fdbf159f8c56d05dc4643abda88298168b3c15163d9f4759b8c7af25a7d5d17fc27fcbd0ec75c7515dcd2d1fdf3427123ae3a4deb0bbb2fae20801d55ad746c0e82d3ea54f4d6d526487542278408ec434a18663e51d6c573a968da4e171248e76a4125771afc6a9cbad772a0bb33f2b78eb5dcc675f39f15a1516b06e324aee7e8ec68cba188fad601f61aabbd57a9da5547f6a714649a8d08b43a75909ec1bd696c07794fb8c264dc44aeebf73cb8f47c27ffc569bdce26af44f3a2a3c744e2e888174e1793e0c6651d4abd1638540f69aa0e0965ef12b4fee7e36330379ac6c1133910569da2bad30d249eae8aa8ce729de9e2662049b411c14ce106ee3b50fbc51a8c1498c70e6df1388c5e6534c0ccb8cb9c76b8edef4a3fb300487345f2b98d4b5c9b13996195521c62f18ac18157b7f9797e69f9489e0d82aa3c6efe1c2af27232d6c10485a89ef8fef038f5029b7223dc8232537b554ea0893c1340449e09b09e606a081455b6843bdf0dd96e5e1bb25934e6729cfd4813035e7fd155607155c9e055575916bf8a743b62d21ae9be706131d42b6bab47a0e3e70c9dd6a8374da1af9b6f4871a5ff15dd8afa3bfe8dd55efa53b3ca627e9a3118639951ef63fcd20a3dd46878961f951880d8bff00cce122411cf442addd611e573bef5834964e555b85c3adb0b45d369bb586e0a83d65aa9e9bfcb67fc952d37d067c550d2fb183deb43ac78bda3dcb428e3527dc8011710b6fb56a24f6f244d3a0f9c72461907c42d2b4eee7973dcdc31fa4493abf78abe88fab4c9e718057961779439c5cd802983d0c71f7cb9381b6ab26d0915dcd05e6ae2b47905695a09e6bf59d3ac7047977b75ad33b9af2ee8868af5493eb5498ec74018a78df1799137d4bc96dbd4b8233f26ccb73d023ab90dca3d256fd90a3cbe553fc4beafe1447fdb567d2195b50d89c0463dd60b5360ce5fa88f6a3af5e766356d2813b85cf623827263db0eb679a805d30315edb174a2c63de8f50e4ba053db3eb507ad03d6ba236a7125144db6a88011e4c8ad4610e5cf20369596650d70d08f49e33d784de7af3ec47397470cb91d0b48a3dab4809d9b7d6db855a701b5f514fcf51bab03ac1b2c4cd29b956a4703dc361dbd6a9334ad02a087690c6da0fd2b3c52a9b2be8b5463d1b4925c6a531376ccdc05a63aa3df458ee6b0bc86376b4e3683c427d482e9062b53f1a23a4f72d1693e9f3d5a5a74476ba9e4f853c33cd772e87eada48e66b32e779740e1a9772b44987e749c721c5773fb997a541d2744a824b9f1c63767b5683a18733496b4e0a5041c6db5c67c2cb45d14d9e7c00ec88cf10b752a54283dba482cacca7e309058776d85102c238af221dc5b6f6228a2f8fd0aa196bcd3c88d6d85ff8ee9b43a6df94fd2e4337d9f365a0774693a5b8ea7e947e544c4f85ab3bad074aaac0d8c4ea988dbce32bb97a47dcff0092d13ba21c6abea61a4c6411681ce13d19dd2bff001ed35acd2279ef97712f1bcf5aee3774e8d76c1e8fca00fbef90325a1e9acaf4e9969aa1adfeb5a6d0992dfd43b3988cd73235db4795a496078f12986da315e16975f039e5a63a04c67ad38e5124dd1e43df18e4db084721b278ea4e03ad11c85159a73a3a3d51b1530e11e16574db6a2dbdb7a7df64a7b84b83662449cb2945a5c0d2d73e38519b6dbe4851e08f7a3af0cf9da223020ea9d8ac60eaff000b084ebe7f702a66a59f311987586bd483da00b18041e911b36094e2e306203722aa38eed5db9f2831b5194794901538facc384ad2da7ead5e89ed0a909113707ad44cea411465059e47942fd5d3e88de759599cd0bbc65f53ff00f46dc251b99f5a3aa16ce476613b2cbad660e28f514d90461f0a378baade35a2e42225c2ed1b466a4039f0da85aa49fb5afb530bb453d3aba2b73a47e928fbdab0d5a2e06a50d841cc04fabcd07b49c0402cb8f080171bd3e8c0aba449e76ac5aa5fa598e1d8b4ba65cda6c040352a8319b7a71e9669f4e98878735da443db8ac09b2a75f4786d261e72bbdef0ecc6c33e51d964e7b8d47d3a80e39006265983c51b90a8e696bd83a61d127d42cbba5539dc0f7746bf84f2db714e20873403aa01872f06a612d3b26d755e99bfd703d8996cec67da98c79148cb79c687004c6b5dcb7c175a2ad3c97734cea77448ec12a839b5b0837b8ec29a77f441e8a0f16836f623532d7729cf8d56ba7bc6cb2aac8e731c5e739551ad05a04194f0d2cd719f46162739af2416f44f4b626d689c8da7ae506075e434c81da9c1391e4ede526531f33ab358dbc6ded562467b51049e09ec12edb7f523616de9fa866dce75a70f472f5aa939f82151aae072e89b2d1ebc4e5854bb03cc3a627d4b38bf6ab19d6235ec4c7905e4cf9a63b1300961b482630eb842676df5a68c8ea1b56d6fe23ef5e403d80a6c8046e27ff4caa178aad74c538c30c077a6462687584c7420aa3e119d6e883c152774b9d314c0c7e1eac917f46a6200388f18ba0c6aba09a7b13081bd47590aa53f4dbf15a4d116d75183deb4cd1bf9acf8ad3f441fc667c5775343fe7b3e2bba9a075e90cf8aeec681ff00f618bbafa1c46aa80ad36874a3f791979ab4aa1e92d2a8fa416954bd20b48a7e905519da115691c87e52a745bb86b2b5649d0d00927600ad3ab601603ab968bdfe6b4bbd89f529906088820ef1a957e799568910f1206c2275f7b50db66617ca61b6f8e2aae300cb49d5b154bf851ac2382897e2a81bfb8a87f7acfaa7c60a1b51b6a80657d63eab9690e653168172c24d84c8e8ec4cd2f9f159d270b39a2715f7c215c39cea301b4da59776464f6aad470e3bb4636f485e7228e8ed6383598a6a3e30c3a630df254054a34f102f652c2097805b883ba44ad11cc635f4fa768feac9ae6f3b48bd8ec8997113c38a79c01ec89e261369c4013825de944a75063f00c0d60c05c4cda35aa8ca52d2d26fd21337e0b4daac1fe1d678cbacaee839e5c44e322a4700f0404f6d47126f50dfd5161a86a468cceb719ffae51c9a41c3cf608b658a21567346006316bda9ef05c5b8c8373d145ee7e3701b6ce09b500803a523370dab49797826ce6c0038eb4e38dcd90d41ee31325d017810765bb56845837b84958710fae38a706e16c91afd4b54a0e8d78627d6ab3d85e322001ff6abd46e118a636db5a9e9e78c883c202c548975f5b247d6308bb7c13946e4e20b44ecd51e32a78e29b66c4c0dbd4862dd18bd5694de6aa9608a825a412372d36313b0b7a64f4b6400aa87c78c368e28f8ebca503a5aac33deaae16632017f82d07103ab72338e839c4ed7165cf2094e60bb7c2701fbc9d6b4ba22de5cedd8b4bc576d98c7bbf738362d174b7d3681ce60d1fc416cd68ba4e260c2e240d43255db406b9aa0bbb1a1066f265ee713ac9b227a8009f57d22abd41f68ad21c5475a64f064a63079d85bed5a468c3ae7f0cad207d9a4e3f04faa7f8607bd53aa7d11ee543b5e9b4fd32b9b3d44a6b7d12a88f40ad199e82d1297a0168543d01f15a2b1a7abe28d407635cef72754757719bd471e6dbb33ccaaee9802e2725559eb0b48a34c1b924933bacb4fd0cff10b7da11a4593189b55aecf8195a3552c16a95e9d2c6f7bf5f4a2401a8055fba206c7baa009ee2e39cdd1f987398e6eb1b0a2cacc22087082414e30d1d09cf01f14f9ba974986ce69c883a93c9d19f89f370e0d82731ac146a16626f4fa52169d58df5b691ff6aaaf7b8540407b5ad6cc5a7000556a6de98c4d87c1e80f049d4b49351b8b19b93e6fe4a8d5aac651e68e1e960731d71ba738541dceb9a1cc69b1d6b4470d7e10540c8cba4168f605d62e1ad68acf06265bf154e9613fe2cfbd53a20c99e9474756d557461b7e54fc169ba24f932f77b969ba3f563f82d368f63969f4fd072a0c04d40d9e26272549a7a20de75a6893163317501e1c6232b380d69e080c2eb01b42c7c5e7c2e002b37a84052ee0a95403cd3921e0d9a7c6b6a955aad32d3981881d5d4aa3c8226480d9e09848160e3e1ba76a172e03a56b942832a039dc92533c2a0e64b60c1c73ef5c47cabadd4352a8714c00cb8703b0b974d8c686818cb1c04e46d0b1b5950e1a64917b4c6339c2a74cb707449822dada642a42e0d8c3b2dbb9787cc35e60580000f7a737ff007847811b3b38aaa0ddd93635ec0888267a4e8f64a663f3293ea2654671a74e9fe255a193973c76cfeedab4f8111d1a4e767e7b82d3b4c7707359ec0550a8fdf52bbbdd0b42d1bd12efc4b99a43ead213ea5a4543ea4c277bc93ed5ce0a44c0761387a8e49cf29ca898da9ecea38bf0aa550fddf6ad1d83892ef82ae1be680154ab53ed15a389dc317b1537307d6183dab48a3e99f735693a301b4d42dfc402a034a79d4caeea84f531abff001a1447955cd31ea75d686dfe1d11ed85a091e739adf62a545bf69ce55c0f359f12abd53c202ab5bb47c169557d456987adbf0443f81f8a1077f236dab7ada9a5ed8ce89bfa26eaad407fc407deaad4719ca9874f5427697404f4715473491b6352d2ea3bce87fe20b47d15fe768d4fdc02ee4e887cd0f67e12bb98e6ff00975cff00b81474b6712c7fc16987ed33e0aad3775c7b55371e1d2f6289d8642888da983b4265a6f71c9521cdc8caa954db26ba7d4aa5561de483eb55de7ad5671f15a276af0ea9e707d9f053dd81dd267f5c11270b23eecfbd3f8057415d053c790712ad65b1145c5f8fd7a931f66b32072d4984b63a23a950e835e4603b7109dab476b3a04c889f62d8392c5ae37bc7c553712c6e2761398cafd8b486d47616b4532c80c3300b5ed45a3003181da9dbe4ac6f1e56cea41c0c882354eb555afab8b0ce0f15be4c8d5b50aae7478573ed54453b5f196ba4c412613db04f4ad9efb85a65330f0e1e1171dd6002149ee83260b003aa027b5dcde3e6839a3a388414e90d6c33a7668023a3b3255aa3a9b1a27161b91f5b6154fa58709733a5c6e725a15475770203ea566be98c56b3387154d924340630bb0b5adcb3cd52a6d3b70827ef4aad59c364b8fb134f5c0f6a2df4c2a8cf4c2753f4d3e97a6abb3a838fb9577b8ec0dfcd50237bddee0b42d0e855886d7634f3826c6efc79a7b0f354c31985978022ee7492993c4fc138307d5681ebcd3cbcef33ed4c81b4d82a5cdd3f2ea4526f6be25697ce1d945b3f79d0a9b1969c550cfe4abd0027e9001ea5a6e8dd551c7d810c6d9cc38c7ad014449973aee33b00548d43b6a9c23d16ab0f26934531f75516377c5fd69ddf0e4b15fac1e09dbb9660c5f52c83dc07a959a1519e298f1c094c7769541aa8355162a6cec547ee2d19dd8981bea5a4521f69696dea92aa54a9872e8fbd682f771b2ee7b3812b46a4d3b0ff005754e90fb088ea68427a9516b9bb1c242268eecc7ad0a55e9b670b699c2eeb0552aed8b748c4704dd218757829ee3e1616e102eeccdb5d976fc115285b90207341350bf25079fe295a276d471c9688db0e8f4dcb426602e248c4ebcdd683441ca6e6ddab47a3e8caa3443b6e0cb82c0fbf8cc0ef6a781b83405546fe8b5563ec55de1557f6aaee8cbc2d4ab3f8e228ba6354aab0728c48b8edd481719deff5d82d19bf6cfb9aaa168d94da19eb283276bdd8cfad3c46a97405a4d11c25e517bba9631d83d89ae3c4aa49aaab7b5537bbaa07ad318de26507b87a2d4f6b7732ea9cef75d18e1c80346d7582f92a4727d67732c3c31dcf504eaba53bfc26f32cf4ea4bbb0054a8689f5a9b7154fe65497762acfa8f39b9c711ed28209b61e13cd9ade250355df585ba9bf155b2d43fab2a407d6fcd19dba8279aaff26889fbca8368b769e939542e71cc9ef021dee448157dce46f88fb02cb5a6aa2e7700a9860fac56923a82e71fea5a2b3ed3953a0df5aaec6f00b4b3dab485555d52f52b71b2ad4c7db0abd22364cad29af6131064b9b3ac1d638aaedf5fc1566f63be0aa7dd7fc1566fde1ee5559e9214dfe89f82e8fd9ff895a5f82e9872d19d1b5bd21ea94de3c8d410ba108229ec689e9ca843bc95308ebe085c269e46cf205613ad52e8eba8fb3027f3ee19973b9aa2df46e5773b440d8fd6be808fb2332ba677811d4d160812830762a8093a819f6261a95759c25cd6ee1b4ef5a3e90e275e0715a1e93fcb77c1681a51fe13931cd70cda730b13cec689439b1e6971f826691a411986b5c40f457733499d8da254d03e4d4043bb0c2a58feb3aff923c8d9578ce321c49b04f73cf9347df51fee0a953d1cf94c18eaff0031f27b215473ea1cdcf971ed2b011c6e98562ec47139c603409249d40057a9fdd9872ff35c3f08514e98f05a0440faa3526616eb7205c76bbdc11e7b48fa269cbce3a93f052d549b61d9f14c4391c1c7764ba3c13de7b5172acfed4c0ede2c53a768d611e412c78c2e1b414670b81076b4e47934563cfd62a85168dc0a8ea09c5128a95a5531f6afea4ea8ff0035bf15a37a4ff82149bf667dab48a9f66dec4eaeeeb72a2eeb0a9c76045a3ed855a9c79e8d33f55c4e791d4ab93f56fee45fda8952a3ad5660eb5a576624e2efb28b83b78f7a764793384ed4829b72673c99db92c89cfd4ab3dbd3064667728ba08a73ae1a0ec1846a5b55a3929936bfe6750de9b4ea6c73c96d0ea1e154f627d4aae23a2c005311c3537794f6b8ea6892c6f0169e2535ce5a276cad0a8f5b67dab45a03ec350004623000e09e7b556303338ac9ced22aec69387e253f9aa67c49c23b1b73d6538bf764dec0b472f8ce2cc6f1392a9ce9fa2a766759cca029531931821084646c370a8869dace81fbb0aad6eb87fb42ada3f340c1ab581a6ce00b49c4edcd098eaa3cba83033aa98ff71550bb60d4380c937b56edc9ede8d8cfb57029a3c23055218cb31bef0c606f84f71f15aa5d55d67e9710e74eaa43c466fcca6e3aba86c5f2953c91e08e2b497d38821ec31cdc6e36845ce38435fa49f08c5a47c50c757c6a876eee574347ad7458a6abf765da9c298d8d0b48ab3e71556b769471f9c10e6ddda13b810aced9b5785c83a743c2dec39f623cad5a431a764c9ec098f7f1e884f653f3449ed2abbdfc5c5536f6ad15856834968349685d92b4423898f6a14471aac1ef5528d84c35e1c4ee10bba152993e2536c01b85977474af4885a45573f9f761112e2081b4ea2a9d73e88f7aa11eb4c23ac05479aa67275524764aee8e17113cdb192f8e178eb5dc1ee9556f955aa32803da57fe2d5236b2ad2ac7b253453aa33a2fa7cdd41d450b23f255bc0276f28e4d4bb790a3b142ff00ae51c9b3933509f8197cbc2770d837aa419403a5ad26c48b491afad3f04e6f78bc6e1f15a50b99713993bc955a8f5bc2d37476f02b4e69f48fb96944f0a6f3ee552b1e145c99a41058c03e4f64ad05ee331f28708077c4aa9530fd1538a6c1ed2b478e0b4771eb0b43aeec53d19116317c9014c0c9901b1d4167b7942735ad68973898000d6551e729ce1662b0a91e33bea6ed6aa9a8f88139346c68190e0aa0038297154c0129d13503475985581e70476144913301101b6717bb2640b9283a968d21cfc43a75dc3c7abfed66a551a4f8ce70c3eb12a99bf84f0e127b62c9aea6d1e13dc2c3ac4a059435fd6defddb9667c276b772d9a321b53f0d31fd42e8d3d9b78ab9d8987805a5b03fe8d9351fd619975aa1a6e5f46c6fb5ca9d76ef7b23f09288236832aecd9f04eb2fb437acf5a12d7588db2bc1065876b1de0aac27c9173ea54637bfe01577c6c0708f521c81045aab342d282d37efad301fb7f9aab4cf6283d8ab309d8dbfb138762a05cdf28f45beb409686882cb8ca51ede4a6cfd1e83618f7dfe53ea8da137a24921a76344dfb10e774eadf2bd3b8a58af3e7fb119e4a78b0f80f061ec3b5aed49dcf372655882773b63bda891518f6b803d96513e3711de1cf90f7dd682cce6b6724e4ba93c6dd93f9055ce163c3ad8a22089b6c94d2ef3bf32a8d1eb23e0868febf82ab407d9715a7d31fc3f895dd51e833e2bbacfeac01774eb1fb4d1ec0b4bace13d205f79db927d53f69df05ce7a4f5eb73d547b5bab0d4742762737a4d3b636a36700470374514e000cca0468c1dd1a27c73e53fdc1321f1d103cb678bf687ac2a40ef985847db546abfcca6e7fb02d034deb6399ed8429b48d756bd269f595dd4d0a635e91ce9f502bba948f994aa3bdc10761f08970893e511bb50560332a4327a4627acaa943a2fe8d4648183eb4c269c13d066b71dae5506377852db7aaea998dace98f55d3c3b70cfb1186b449462933d8bc01e08f7a12e29f00667dc130d31066934c3a3fc67eaf3475a70e0c185a837d19f6954c5fc9961520f940438711ac202e3a2464ee0aec39a3d07d8f02b2f68e41d3a24b5fe61f81546993bda1034fccfcd550fdcee894c2d76c3c81041041041331bb8d955384e4c6d8766b4efd1d9beeff0047e2a9637f9753a47e013018a6e8ec460811d964c12466164e6c859610fabc75fad0e8b18e71f600b59500017275225fbe4307de4d7b77822a0fba9eda8dd707308d8ad6310eae42b6a1abbcca6dc87af972592d7c80b89b35833714f1888bec1b86ef6ab3730d3ab7bbfab2ce3c6deaa1555fda9e7b7beba3ca0e1f196b31dabc5967a3c8564352c95365c46277f59a7522e2649e618493d60ad2aab3cc0da7f8005a7e92edc748a87deb45c7bdcd9f6ad1b476f16b02aba38f4135bcd322e0784f8501c6ef3eeea547a3e5b9b33d4aa11c1ad1ee55dc47d633ea40b9e7371e5a6d71da73edcd57abd212f6b9f8c0edba39ddfcafe6eae0e71ce3ff00c5a475ff009afd5b16912f73056752171cdbb225de33c6bd43520809d8b3e7e01fb0b3d450906f6d7bc6f46f983b46d46edc97874ba0786a598b2134aa9c0fe0f05a7dabc3a550b0ef8d7d7cb4c39bbd4bd9ac78cdf88e4087239bdab4aa7b9adbb9cabb00f2449ed4ec34b5d422dd5b5325faea3bc2fc90451f09ed1eb9f72609e4b82e13c3149f62fdd3194c71372bc621bd882361af86bf82ac18dfa4aae0d04f12b4a63c8f21d7f52767624ebf397eaeacc0f25e330b5159f6a2afde147921552d0d7cc0f1b71453b92a17627cc13e08dc9b24827701b4ee549830dba3e338ef3b55d80f43eb1f2bfe29b89c31558d514ff321533f2979f980826a699390d657446cd69a03762f09b6f45645cd78e0e1cb7bc009cd139326fd89e02d06ad4de7a217e8d406f388fbd7769c3753187e0b4bd22af172d15eee2e5a181035929b0d699eb3cb74f08270e4f05824a3949599325782d54c54a540b43299caad77f80ce1acee0aaf39f285f56acfeb6a9cdfc3623764be94fde6f02bc1376f0370bc95aea557760684d2770549d33671b5d0e9b72f78ebf6f26551b03da16b56d8761d4840d229e0aa3654623de0e9e6e60f1b78dfcb09f74e24c67c10386096d23af7bfe0b50472127902faceec11efe4395371f5216a1a2fadd6f7afde692f2b8f6a7439c303776d3d88480670ed3b380577e42d660d836704cf0a636d95cea3b42376c61f727065369cca05d4b336f0790db92a9a6751553191e31d68ac5d8a73ef36f234b9ef30d033253812ea351af3aae26dd8bc18bf987deed7b942a06a8344d380ec26e43a6fc168ba4b4016134cad1f4aff004fe2b46d33fd2f8ad134beda6b43d2fd2a6b41d37d3a5f05dcfd3bf994ff00e2bb97a61fe3347fb177234afe7b7fe0bb8b54f1d27e0c5dc5a43ceaf50fb30aa74a934e6da4cc33c4ddc7acf2f94d2b534b0fd93f972e7b55424ec0a809da6e538ac5cb08e77ec5aefc86023011e53905e33bf0af1cc9e039332bc364b3f8f540354fd86c33933175bdbd8bc65aa934f5d425fec84d68e1af8a2fe709e8c7a93ba26a67c75a1678c43de166c31d8b2267b506b47004a74c9e71be7ede43c9917423e339a87f9a3fddf1e48945478439b6cfd6031108f86e3ea5a5d36e10d1d2b13650f0fa6cbe2d446a4f2f68c2d9c3ac3505e2b1a3d293c87c286f695931a1a3ec3495adc505e2b448defb9f7260780fe8b4e4709f79f620036a93520080316e59e3791d8130c139c5b1fe6bc126fc1c9e5bb60aa8e3d13af91c8ad88f2553d89f37d9c842727855401acc131d4b48af52b3ad8cd1c01add83a4734fe91119458e6ac5ee2f27d816584420233129ac3e16ecbad5199d84ad12acf19f72d14f582b470130723876a78ed4f09e89ccad875a007584e6de8be24817690b365479ff0077bf9699545003ec8429f6357b93cfa956f534fb93fd88c95b39077a465acc238836d8b526871c81390e0119da9b8a95006b3dbb432f1d66c9d2ea1f26f3b6accd53d6f2797caff684606b3b07e41089331b2721d41783af7ab13229fbddd5ed5fd02bc2a66ff85cb589ec5b16c473b1eb593afd7cbe50472ad2b2e72f8b587274b49e8ebb6cea4f2ecb9cf3b6a04b05e369d415817936d526555793bee9ceec552a38c4750556b81b0181ea4faae1f5ae85ddd23ee4e4e9cdc7a9787a4567fdf218b5bd3dad076985902f7b7ddec47f554dadeb85e5476acfa6ef77b91389ef1067ad71f4bf35ada0f6895e49ef0fcd0cd8094c00fca49d76695e48ef6b3c70710abd5f4dcabd4f4caa8ff48a28a28a714f29e538a3362bc421bd8d098cec4c6a30abb471556994c67afe2983d69a1393dab57285fd7621f9270684de1ac94d356bb880180e4498e91d48e44d8656e5c9fa434badfbba1f2a7d61a89a6e7b8bcb1de012ebd8ea40823936fb042f0de0170d8ccc0e2ef62c8eadaa453c8466f23c567bcea511e08032006a1b82db84ac9e07dee895e69f62dbcb9c077c795c9dad393b232ae0aebeff002161d56e4f24351b39ed77b5eb3174ec98615fe55adf4541f96700465010f182c980357ee8de36eb5bff00e48feec7a8c237289ef0f7a39762a64b61b1e8840c607fe15e48fd87615f48dfc2390a28f29289ed44f6a71464efe43c93b724c25dbf20aa86b018355d90dc369dc10a94e8d3a58dd530cbde0981c0128ce95fa2e0acd13e19a82a1c73f56d65fac7c0ed33c9b16750329753ddce3bff00ac23d1d9a96afea0ee59012537154d5887441dbbf82a356a92492402f92759443dff0046d75bedb87b02d80658406ea0d1a9abc570fbdff4b5b4382d87ef7482d55318fb57e4dbc9b48edbfcf6abf2e7f15935a7e0bc85e4c2bc5573fb2e9eea85c64b9c64ca89c323af5a32f396ac33eff622311121676047f5c5790ef6f24a952a79420adc8397423d1a6d05ed7e716c88542a03073235885b0729442845145147bf3684dc40c1ce3210b47fbeb463e9ad11dfccfc9686efe6fe4b427ff37f25a1d4fe67e4b447fa7f92d19fe92a07d2544fa4a97ad510b46c4e3906824ae67466e671e63a82d36a549b4b444f0083abd727a3a3b4cdfeb91ec08890c1858db3581c2600d4873bcfb683713c4bbe49986c84ba049de4e4b5d4f60e4d6405f4d5bb18194c7b0f2bf05f1547904cec16d9ed5a5171a5483c0e68c99761db96d2866118689dd2578b44b0c19f189175479cc42edbeae0982765c91d572aa341c381b49a05b1118898cac236af1a803d870ad6d1cbb8f67fdfcd84d4c2986e9882c83e4f06af158076dd6e5b9790ff0067235ae184cb1e2c43db1ef556016023a04ccf04f35f4900c80406b46b262511801a94f0f925b06c9b89a5cf05b246b3b151a5480c853606ff00da251f5225153cac077a0a7927daa6c094d23a117332466791a0dbdc8947962db0cfcc14e4e4e289b89cfbf29c538a33c50c2f0d246c30b243a3adc6fd89ada4c1e13b59ebd6ba14597326c06d7941d1e0bb48362675376054bff5555cdabce6bc2cab90d87a39a6f4aad473e37b8ca6dd78d544f505f58a0b5d46a39e8d51fd6eaef4108f80ba041752a6f83f5db893ded25a5a70b88b1cc5932ed7c7aa426d76bbeab9b1f7826d4036d47b183d6d545956a1d52fa82dc4b5a8b5acc784b19d1194e4c0d09f7e71c30d836c616ba551be899f7af27975fbf9481c5690df5aae3b0aadeafcd127a934fa9523daa87acad1dbeb5429fa24ad1c75535a1871173f27eb5a003fc25a138799488430bdc2cd3e2b7592bc6793d5c9bfd40ad8476884fc2a9b39e8a74b0e3f0b9a601396e542ab5fa3bd94f4a6b737530d99b6abdd7f71ae5588ee8d6ecc011b32a3fda8e4cb6e92be2a5128944a2537621ee43aa567c015ad39bda88bb08cecbc93ede4d87d9deea662fbc02193eb8f404a19be80fe63657d0e2fbf850c9f5dbe8094337d11fcc6cafa20efbf850c9d587a0250cdd487a6250fdde2fbd856a7551e809470b7a37d85ec25a85b9b3617971b05e510b67cceaa2f3ea5adacf584352759ac2eeb365cdb28b99ce53a4c33af0e27ed79842031bda79198b8ae8be3c147f7867d15e41f6f27d22fee63ff00b1c8dd567163a9ba9c18f1a3e0aac06d0a2c70734821cc6e12ab8ec2abd2756e7e704f4b00601308f33f24d7bea81d338b503a9547bde7373df8dc553c3ffa6ab6e0c43ff9d1d9497f7aa9ff00dad6af2b4af72f24f7b9c2694d726a7b071700b4bd1c7f15bf15a7e8bfcd6aee8e8fe9aee852ea95a54f069551e7ec14daa7eca65417545eedf30b463e926369b0d9d172472f90ff0062da14f301e5ac71cc84603e0e2d60e44ad0f46668d518e37666e102f1175a00d1f48ab45d4aae03d07e3cddc51f0b4dd25d1e631bf15301c53035a3504170cd176e4fe46facac5ff6854f453cfbee8ded91b2042c257b56a0e1f7cf26c3f84f2b65c4c00aa87e1a6c0e70c8ba2f1d68b493423a2e0e16ada88cf25aeae987d3642d557433fcb642feeb87fd6c4b5d5d30fa6d85aab6867f96c5fdd437fd6c4b5d5d30fa6d85aab6867d062feeb87fd6c4b5d6d2cfa6c85f4ba19f419087ff001e3fd495f4cf2bc91ca1029855171ea4c2de3c9953d09fdaeb05e25bd1b72792d54c3452a2da635cc4993dbc8105a8a3d19f705e47bf93e902a151ed6d27b096b0baeda8e3ab8a2d6bb7993d8d9524070276d8ec4e75273aabdc70ba224ce6995eb1ab49a1ae0e693d13385d8bc576b5a2be8369be9d4e79ce68e8e660024dc22ea55d821959a2e06c23584d1a468e3f7b4b50fac352c99a15477ac05e369959fd8c03debf79a7b476e938bfdab36e8b56a75d4ac02f27bcd6d1f0e4d26a8fb6569354fdb2aa38f5a84021ea54ddd8a83fb168c5511da9ac09ccb8558762d20ad2403b6569f4969748f5aacc2703b233985b97952b22ea8c3c2c9e5cc6bfe49c6e69b87b90bb5d8237a6c0acc61a7bef12b5d428851b73e475b7cd91f5a69ed5ee3f0435fb93bb2fd8a6386c40ebd40cab81d9c14713ec54f56564d8f933f88f2788d24fa27973216d5f42ef53c95b7f1adc7b2cb8765d6ffbeb71ecb2d91d975bfefadc7b2cb64765d6dfc6b71ecb2d91d975f58fa96ee41225bea2a8db9da863ea98c2b4269e2b41a6b46a4dea51276720ff00dd69b4697f0e87cabfd90b3324f129dd11ea5972843936b97907dbc9a9c0aa01efaba4d70dd501c1a6e8c03e4f2664e070e025a7ac7b14168338751e29dffa8fd1ea1a44678a356f5dd3d31b79fd6b883c415cce903691cdbfb58a80a752ab305406d884e2cdbaeca4601549076b883ee59b59cebb8d3a24fb5e8f83498df6bd79215371ea54c8e2516a73839b3270922099551c46e0aa76bd8df695a668c38e90cf715a668fd4f2ef60559a7831c5079e147e2550abf75ab47edaa3dc168f4bd227d8a9d21f61c5380e14c7bd553d8d1ec5a4e97ce4de1ed6b63740946b9f3abb9684eaa771a8ff007aee6d2a636d4b7b4aafa1b4ec6b438fb1691036f35013f15c89cb935c4f52d4c93c6a1959556033bc66bf5af96b77baa409f52334a98a5498775165fd656bddb556653b80d63fa25e4ea6eb29c413b0a2ddc5fee5235f47fa0a46f39233659ee0654755f3289d9866154d57236edbac26d9c4ab1e06084754c6183754c61a34f1e43c371c2df6a1e0823a9c03c7218c74ded3e893cb38776a574e2e68669201230930d916bafa4d13ef32ebfbb4ff00ab0be97491e8b2cbcbd17ef36ebfbb13feac2fa4d27eeb25797a27de6dd7f7627fd585f4ba50f458be9343fbcdbafeea4ffad0be9b481e8b657d1cf685e511d9f319b8c5d690c750d128f32d78f1deee9557f59b04d2e3d811ea1dff0094e5f5b9362ff09feac2793510be9a8fe0794e22ab618e23397780febc8ef4f35297971f28cff92c30ee9bc33c1703e3b7dea77a36689e3262392a623419cd30c44f386f3be02f1ea40fc21682ea9d44fb02d0a9521f5847b61774b41a5f6d9ee2bff2267f0dae77b02eebe94fe0c8f6aad20646a1f82737aa992aa54ea635bed4fa9e98f72a351de99f82d0ddd63e25369b3ada3dcb4ea4dfb5ff004b4e2780253aa3baa133b5c13e93479caa03c352a54aad4db543c8ec8855dd4a84df99c9a3810134d678d589cff805dcda5486d22e9e6362daee412362ccba5788eac5db9a70a160ec43b166d184f9c6eef827bc79a48f62a97351a09264e7bd1c4270b83b3976ed6808dd2a8ead6065c66531d69806356c4c8bde493db9475aa4dd732e551b716819c6c2bf09bf5044b4f0cbf2f5a734f0d409eb58c09b6621562e73f26b6ee71ddb5348a9fa6358e073181a1d1eb59d210fff002e65affb24c3b720b691dad2b6779ab9cfbc216da67f96202f230fdec4b5b9e7d3108eba67d010be8f0fdec4b5baa1f4c42d4691f4042fa3c3f7b1239baa1f4c42db48ff002c2fa2c1f7b12d6e79f4842cc0016b3dfb0b9ce300012494ec7a717835436eda2d1e26f79d7b3945d1013de4ee6c2a350fda85a28eb7b9526cfd5256d5e52f2dc3b472fd6a7db71c9ac80178eea957abf54df7a30caad349e773f5f518284621888d8ec9deb09dd0265a7c971f71d6840aae86fd5da0f04d3cd5364f0636c113829d3ce63a47f20aa39ec92fc4e6e192eb011b9182dbc8da1695a53e7c4151e7d41500cdf59c1bedbad3070a54c9f5bb0ad1349ae7eb3c307dd0bb97a1d21e53d8ea87ef4aeebd0a3b9bcdd3f82eef527ff1f17e14de7785271fc50b4277a2c6fc568b1f6fe013583b4fbd5468fb21690eeab2acf3f68a3de6d0bc0682e79d8d1728e655393b4dd4a161cb5b0124662d1ad186b20bb8e7741a4512701c31ce54393780f6271973b3f69549f87517bee7a826b01f367da9ce79e966662c99799db9ebdcb399c88cae80cf5da275c5e53b11cbca286fcc58a712d39ece37527a2db6bf5aa80c45db69198b045bd116826c37fc15614345d75ddaf57440f0cfa95126b3a1a749a91ceb8e5d49d3cde9ee60e181bef4e2d7b4cb5c3521fa33fcd2ea07a85d9d52150e7db881c541c2b0b79b71d6ad1a8d8f79430b09e8b4bc9c238eb54bef94d3e9fe4b17a7f92e77d21f05cffdd553481f61a7deabd6fe58ff0092aefeba7f9aab3f64a77a8a3ca11ef283e36c40ed2b486cf914473cff005747d6a90a1687d673e6ac79c2ccfb374ea9508d83033aa64ad119d624aa0cf44208288da6c11e75dbacd561b0229c00de8b8dfc202c8990f0eb88e5f1c5bce6e4859d71d688c4e313a81cc93b82fd5d853ff2d96676e6b821fbe33fc560a9ed9e4dec27ce112aa10f75405fbc0b8ea51fa4e932eabb818c7ee62d98cf0d4a83aabac1ad981d6b46a7459b1b6f621a3b078d52a59a06d257742bbcff0083a352637d2a97f52a9dd6ead329d31f7589ba6e39ceb6922a8ecc03e64154ddd8a9154d532b390ad5b4a37dd4db73da5364ab23de871ec1eb44584003268d816ce516e0b001073f8e6145b775c42d97d53c22ca082d3aedc2539d9c340dc88b919cfbf627376e7745c60e433e10516bff0046688a247864eb713a8236160dc8003505a9c0f62aa1a34878a949c72c43e20a6dd36426c3bca163dab4b7556f93580ac3fd405773b447f9ad752fc0405a1576ff00975e7f1b556d329f1a2ca9ec705dd16ff128546fe1c4bba1a01fb4f67e36847447f0d2a97bcad167cca8c77b0aee6e94785327d8b40d2871a4ff0082a555bc58e1ee44a72723c8f6f6a70546abfcd638ad03486f9ecc1f890a2df3abb4fa9928d23e6537bff19685ce7560a5f8013eb549a4fd606a1fbf2839c3c9c9bd89cda6c1b4863476aaa74978d5445bd2365dcfa34c7d625e5500d69f1e9f8bd49ed006b9b2a6d7bbca78b0ea55093bd14e038a18f764112e4c2e71d404aad2ff00a2a7d23d67209981a6e1b33c998b8ea433e93389cc270352a370d4734d994fc8075b9daf72d656a217d2e8a7b39e6f278c2c8086c3efb754a71e6d8dc7509f21b90e267d6b37198f60e419a3f26dfbc7caf872dd68eeec4ea34fcf786ad3291f32eaab8f00a9d42b473d6568ecf6a0d1d4aa2adeb4f253bb6cab81c0cad10e90f1e0e2b09473c9a3268d8390f7813494de2b6a823742ea3f1504de08f06ddb09a036e26d3bee80f641e374dcc40c1b3d6861cce42dda539b224380394edf8a7dce4083f9a6b8da09191550c6405899dbad38ecce27abf24d00b0dd8e389af6eb077146fe3d23e133fada9a61548232952f60d44621f92a584fd43ee72d29ad3f5da5aab527f9af0530a6954d5254953544762a6027bc70790b48ac711c21a6a3883eb4f3daaabbb555764ab16873ed66998e2157fb8cf82d248e0c60f72d3ab8e0fc3ec5a4d7771a8e3ef54813c25525016974c1d9327b02d16ad4de7e4dbebba34a80fa8dc4eed72ab52abb6bdc5c9bcaef068b07a91e47877d619754a24f154aa57a9b01c2c6f9c56901eefa2a1975bfe098285239b69e6ef38e6505b709f6ad9c87332d3b1cacdd9b0ece4faa88188d07126c0069ab9f6a25cd2e8c5104ff005a9672db75a1239c8036ec09d243b1692e0665fe47d9f6ad5c9e11fd61d8367c501013cf522f078a2670c1558f595a40ed443cee977b1685540da5983f126d21e7556fba556a23cd6b9dee09f54f0635bef2a93cf17fc0054a98ed3ed4f8e000551c7af9021c8d37e4f6a07ad475151be4fc161d59bb39d574d7075c344cf6a6f448f2672feb8a6388cc61971f6884f0cbf8d00e56f0ae9a78131387ce4d184c482db4766b4c18ae3a3139dedad4bad2df09a6f6df62b03b396eaea0614b40187c11027cd4e6dc440e92302264e703b6c98f2432d876762aae98b492267b161698c939d4ea34e615183f48c163c5aab37ec991d998570a9a2e1c0c2a87b1696f1c1ce0b4a2ee30552a4ffb1f02b40a7f787b9683d8f1ef85a3551e81f7a6d61fc3f82aaf1fc272aaea8fd4c6b083ebc955c3e4b40b342d27d4b4a0bba34a8d1cf0e2e9bbe0b4fd1dad688001c97746876ad3e97ad694d3c1ae45eee0c3ef5a21fb565859e6b7e2ab55771261084e1daaab3b5549e0137b79329bf0e493c1330cab37ca7582a66bbfd167c4aaf869eaa6c185bd811ed541e46d0d25360ec43a4c68aadfb06fea3de5c91e97e69ef070d9c608c5bc009c1c5ee9386e06c0b2696b0fd817f59554b0c5ce223f0e69c6a34c5dfd2739d398d9d5eb56d36080dfeea0e65dfe29fbbc9743e51d7a4dff0079ddb119276f78d26635c6498deb929e070685a5d5ea714f2e3befc8390269509d640a6ba06d6954e5b19883d57d89a770cd022729163d88ead7ac2b4c18fc95383b233f5a8b5e5c3dd658b55ec41d73139204c8302226332ddc84744d89c31aec11f1c4365a6277084fc563770386fb224a7b082e3d12641394766a45dcdcf47e54c123546b854df6cdb02476ebdcb2d66d8781b220123589691c6c852d739f65f2cd065ade491d9fd14f24031704e5c53c5f39983f92208759b0d1063767d49cec536c4c6e79189595e273fe8a03b23d9c84823585579c1f5c4ad10fd877c554ad4fcfa73f84ad3b453e738d3fc41516d5ff002ea31fec2b42d21bc69b918e364fe40130261ea58d17273939f2abd5ed55eaaaf5bb556abda555abda554a9da539fda562ed40a6a67a930ac038b82d229f54b907bbaa102d054b9db05caacca7f5474dfd8168801fa5abd27750c82aee73b8ca10149e0a8d069d45ede70fad69351fd703b1382c9ed730f0708ef499f287bc23d6ccfb131dd6d253f0376d4e88f445cac5ce5e74a788789fa31e2f1cf90a69a8fd4d8867daf827173dc6e54a0877ad2785d037ca5a54db609ecda9b96fd6b3b0d4ecb39d4a89bc037d7d89c0498cdd90d592ce20c8cc6edb1b9399f5b0f8a46c4f2729b02df5e48138670ceaf6a16d7d2b90b61e8c8f589536d46ee16d6d3a931d7c8cf44479c6550c8dfa306fd96400760206feab2667064b8898ebb2a7889cda2d9714e0d3105a4383899d816210ec8110d94d63463c2670b6fe4cc2a50e17e90b0d998928bb1123161bcf5a7b5f3c3a205cd8c20fb804c0cb0eb194c2a8d3945b56e58f16370b939aae64589c799d626ddaaa1368233b466613f64372959ea827c636b809cd00f8588069d933049f72cc0076faa4c144131321c0fb148ea26fd5088ea59f7da455679af2169f59de79c7f8a552d12a79da3d3f700bb91a09e01ecfc2e5dc923ccd21e3f1625a3e9ace1598ef6b556d387f0e9bbde17746b0f3f45f839775e8fdad1ea0f64aeea684788aa3dad5a7773cff00108f685a46807ffe4353b443fc7a7f14ca1fcea7f15469ff00319f15a3b7d367c568c3d26fc568e3b5bf1541be937e2a8b3d26fc5369fa43e2b9bf487c53e976aab4bb5693406f762f72eece89c29d0aae3f842a75eb9db53e4dbd824a70a6cf2298c2104794a29dc9b56defaa2ba1c8d410f585161b53b08839826fb14ef8b95833da493afc1b42c32e222d683967ef4c19417347827ab5f04c7107a57674afe766134069204d38cc6a8ff68556fd2e91c409fb2325d2738366c20f184d702088d77ce3feec9cfe93630831eb19a6b8007093aa764c20f27ea1bdf6c1856b5fa25d3fd6b578f043a716e190253041f248d5b9c9c0479daf8ea54df24c9c07f24db6525fd11bba961c12630c86df7224f5628232e0aeefa8e991ec28e0004c3fa31c139b94e369889d5b1532e8be58b3da6f09efc06c713ba201f255196d839b87c19d7d1042a26ed86981afaac53c88e9173bc2d976bf309a70c13d104446eb5917060bcbacef583755185a35c061701a890a1dd1983737dcaab0b06ad427527c024805d191da464a99383283ecfc954c3c1c5c1d1ec47181e4f83d2d536b2e6437141868187b16330d8c53636dba8704716ecc4f13b562800daf68ce70bbdc9e32cf00e1d69afcf0f831badbf72c30dbbba7ab6a638889245edf0446fba22e768e40a79477a7f632790a3f3217aec8269248900263c13f56772c01db1c633d454e12066c39ec4dc37870009c2834df0c1226f948331298da61b6245cf02d22c77a22402f30d272bc92154702625c2e24ecb447523d1c7020cb4cf0323b15579737a23a2d1d0dd324ef9c9073c37a2d0e24785b865c1329542464c0049e362a91352c192e75426350bfa935cc7e65a7c91ace28f826b5a20116837db02ea9b6eebf81fee3299599b090e1bede2c2a27a163e28be56004154cbb6b9b976ed519c96cf3672d832e29ecd9d2009ec6fb5411a8b1f3d53a962b5e648b70bdd38633fbb32710fb7b53308bfeb25a2fe6ee4ee917089c2e8238a249dc73dc8e1f08998184f13694c6131d281ee5d1c31d16923d77ec55d809d42c276188f626370c989020c6c062fb95334ea4fd239b9ec9fe82a17b80d2dc46dae7ca5587945957a225b91e236caa60dafce35cea635f423146f9545870b61841c42a6113239bc875aa52d1919f07b6c16265ba2d7800386abe5dab462759e88706fe650a60e123133a2f83aa130001a64b8e216e08c181692d22778b5d54d7061e1c72eb40b80f229e3037175b2551c305db4cb0e104a6e3377381663689d7d1c4b0b86c9911c4f493439a4ce03aa38c2a2d98cdc338b937f60588e2f34bb8000a0e6022d31e17069809cc00f8448264efdeab9b449350903ecbc1b27621bac4fb4a73f081991207641545e6f31e0823ed9b2a7075e3be1ec94d6c0227c599d42516fa423d69ece1884a2226245c7a96fced30b2dbab9014d81c81085ad1ef2faadc80c6d40f796f52943901c2ec8c58c2100f21517caeaad16da7a6f0d4e69d5849bceeda81cc58c9d53a960c45c70b6e4903648581c728125c0fd6061736e02c462c2491b9745d39bb540f2a55461a93d166132e9faaeb08458034837029cb75e299ea5cdb9b362c7b9a0e2cb098f82a915664d3c571c649b9422736b6a36980355c39d0b1901a49683cfb4621adcdc827739cd9b60c04be7c2e96b54980654c8c2ee901e5be0f6aa3d1743413465ed3b699c62cb9c7027c38c4f7fb44ed0ab12e0639b2f04b5be4b9a620f5aa803c12e1869383dd36b748ca68a6ecda4bb9b3027eb000f120a753bdc1389cf8d97170994d863a4054c6f0d3168703ea4ca6ca67a4d38201244de5d2555741920b5a1b8a3c89bf15e1ff00880eab818f28dc1300766e0d92d83b73b7a978440662b9bece885d261d86cd9da2e72dc8930737749800d93d2d4a0126ce7b9a3a3f6c95ccf48c48e8491aa45ac9fb225c3d84150f2726363081d4a955ca65a79bc3be4833d453416dc9a750913aba8a631ac762d4440da0c19429556e29864974fc14408993d1beccee139b132c0f3cd0eab5f8ad1e93a96006730edd242e7193130d263544019f5aae71364491871b4eabe49d87674896fb4e194e634ba7a2f0e896fd626d0b986986b7134be6daf1b138bea5c02e712c81974b580aa5237b80de6f56bc48340189c7c1077f49532c69718c0c243bb094d7448d5204fd5ba7ee0e711001cf65f829709e94981d9225063a22c315fab24c02640c4dc26fbe553736419c26c6758298d89b47b88c900c9837680e8d57714d2c8b5e713f15e2427b1b8865ce0396f2a61d87f59f0d876a660c57209618b44370f1551d30dc593482358dfba55496b48199c89989f89588e64c3a4eecc6adc8c1b4c8c33ab620d30722329f3a6ca9d3cc89b3cfae156693e17c9c8ea331ec59b08194768990800d9b4c34fdd94c89302d8dbd4e2550a7232961196b906eba2f7039b8f4a7d48931682d2dc93486e46f98eacd3448b1248b19f7a072ccb834831b7584e0ed621a35f9447bd00232e9199d9929c64e121a049df6ba60bea99f5a0e2e3e0ee4e07091360debe92c45c5d6a781d1d47252d75e474081b24c8b2a241982f9913d40e4b0b9e5bb84470855277348d5aef11bd48c5707a20465e1136e09e1c5c04b18e05c467ab34dc17c319c9d83df29a1ba81712499d415370d7d36006d9c14d61e8746c1a7ed46642231460c58a22361da98f0486c9e84ca7b1cd3939defda132a9a6d6dc0170761cecab8a923c31b770bca635e047449cdc36f8d0a9b1ee7c1a6fabbed91371d4a941c26586930b1c45e5b68077846ad4c0ff004de06f0418d621566bb19243198e9b5801f28860ecb298cd84d9ce8e3235dfd88bdc44e2b8c003b6671d8ab3c33c514df00119e21844fb96935f9f7bff5279bc206abcdd410d186a02d9a2c9d44927a9694e653a84dec5b6f298263ac234eae4e2d6803b2d2b43c6de708c1839ba62066716ce0b9b76025ad73da4d23b3393c1611ce61182a45a33bbc0164d81932ab078cdcbc1d475c2a14ab35f936a31d8316c60e8f69ba354d4046263c783aa0cc44f6054c8a6ec61b4db539c048cf0621ed0a8d5c3806101ae1339c0803a950a6e7eac603b0c5f827e9318618462133790d699ea0b4f9a777fca07d097c78b399dab4a7bc804973c0a40da4e1e76e4cfa90a4ea84412d6c11f644807cd17550bb2c5cd9c40ef30440dc9f55d53a72595291b44444629de531cd0624f3848700262ce91ee5ccb8193872bea9304f5ac030b43dbd226374ba602aba3bde4f833027689375d10464eb39c0ed375cf8a45e6086631d4d047b553d7e3541b75e71d69ec271de6b785f641d5b466ab36037117f38e2636e72852304096bc03f7a3b559c4020f44c70378e29f8ea5e5cee811a841162891b69bea62dd865cc80a94cb4b80a5e3edf01a7e0b47ade313d20298ca5a59d184c065d2d05d8f8c32494fc0672321f1bf1322ea9975c0869c673f269b48c9557b5e01823a3d46240545f55fab074de7611612b45260c4556d9aeda036725a3f4b6d264b813f54c485a356bdcd4e72301df95f72d1eb320173be5cbc99dcb46aee0409270f4bb65536b7a369a79f1d481200c874844ec6e5c610e97e9313ae36268b3aac6e82138c87d8f029a0620d73a359da53dd96dfac9e58c9f05a60669a3f5f5076263430d4abd18b582030f32c38754dd5c96099eb4e38b1b04eb884f70c5500741891bd1818724d18b9d6f4b5dc236e6c18fb0b5e7beeb30c17ed4e36a9847031211b17b811c08406034dbd1d5a9346234d97d680c38a9db56480bd6703c164da8f81b20d938970c8ebcd389965f7a602c977448b7821192058eb1d24d1e1bf52b9668a4b49d46f92602e7d2a98cc5dd075a79bd13af60b27974e726665a6538e1975a6d642c4cc7da5add7df26e9c7f5a075420035c296203236d69c6ed33da55e341a8e1c6734e219638757829a07c93f56e2982d4845b2559fd17e16f48d9a350dca9b4b856a601224ddd744b5a6abc6116101c802e1ce438e62084c003a9d626d99042607cd564e21329a1b8bf490e8b480eb02a9b4c4bb2d7b5123168f509de7166ba425d637fdd4a6871145a4170983757cb3f397d1b87a8aaaf05eca58e0918ba645d59b51ee1500c9e03f23b55475420812f38ad395d186f3ec10328e6a557a9879d65b118f05006a658fc688daa8b2fa23e7a23c944b59e48b0bb9740b6a3034b6d008c82687376112334d0c3cde29688b802e9a1e5d4c125d793d2bdd557cb6b900ce5d14e21aca430b4180273844cba9748ed8ca55263668d3260466d4310fd1cba0dee75af0c54ae03b5c0dea8b1e4baa4973412735e11a8013ac89c91974d4127388572ea6716fe2859da3cb86d37cd0067476ccf129a038690d01d17162878af3ec4e23a516e08e46076a608c148c46d175663cf49a32774866100d302e2de323d2e989d7664aa14deee773734139ef551c22ad402f92138594cb7749d4ace7d5879d6e1b0a01cd1a5306137108c473d1ba138bc4f8d7d6806b455aa00160aa3ba07a37cafa9536feab66f54db38e263521fd42fffc4002710010002020201040203010101000000000100112131415161718191a110b1c1d1f0e120f1ffda0008010100013f1045b996324eea8a2ec894a82a3077313d2bd6a6c650b6aa2f0688ac240ee92937716ea2ea0bbfc59aaa47c26f8095b65cb982151768bc16515567b4ac521a462d1ca665ca6e54d93162c81cb050a8248778e6300613461ed95b213882f70245bfc6d0c31ea9816f1164632b197ea1270fc8289db31f86ba802ce8449a60e003c916c83985e916005c7be933d406620a96161d6b78a5ca55eaf8099101f335cabd666af98bb9685dc45b715a8f2db03c32d9188d6e3779252dcb8a97954d4b7420196282843f1659209b2035920f845297a86cc6c42ad2c78bb87d1713c54384cb0ba8a1d543d4c2dccc1c2a66f11bb033182aba82e06769616d912c0e47bc6f05ece664603c12c2a5eea0e0a6e28d4466a0f6310e208aa9628ea2004bdc1d5d45704c2584838f0e8969772c6178812e07128392788c2dd4aec8c10b948c494e22c65cab85631f80117992cc5cc209b28cc10c84a34042b05fccba258b1a9b571e442b65305240615511798b5c352ae0599cc1e25f6c5c031b5291b852c1a1865e539a8098a96c478b95de3f0948f5019541388134c5aa5ca518b9cc60d2a950876d22fa542ce4fa81260665b84f1398a88e26ab128b71850c254cdf11c618b9b6256733a5150bd44064770180562d05b8883243751ac253942a20c49531195688d460110dfe218f712a35e2a794d41254c84ac5cbf719b9297701ab03cdb2b16731066319dc78042845451f9084cc1c4a44379080a5b0262491b61f5513cc42095920c85e56d7040c443138332665eb043b91892e6c65c986356065038664e6007e3c89140cf0404c91614266a874958b1121d626507cc5708af93883a5c3255304951020c059654f225c64654430c24ab99f11f289bdfe079e13ccb918c12f250c5b20208b8c22289e6136616d0be26754215b3604c23d669e5f860f8802d645983112ece66eda02c83e65eccfb472ed53cc98b04476e61d4c658208db106d893999b7517e0cd1fc5514ba6d98c43b8c53dcb7b9540a04c7d441ee4c33479258455edd453038bcc481772df84124a205d938d015b82b0d042ddc77409c910e509965fd063bf2824f4a3ee895110621332105944af9fc2a8ea7409682549570ac56abd66d8834a3ed0c770499f729b859cc5c1ee5c142da5e517c4716592457b60ce5843718732fe66b96d5cc0d40ec80388887510e84c021500e317d897b981a06a14e30154046aff896350269d9360d798f01cc50c5c49817e9306afc4df8206b52de9296cb1a2ee21199e2c7948c0347823b04e4c11f8240c292844fe0422a95d3050887b329b0f6d4450c20f16413865d22e239c412ac85d09595425dc030a2d17156906dfb047799d130b0746623043e49716d1ec8f6fef05694aa95054db1a4b36832eca51dc2630d9727b6128fc15422b9865ff0054dc5997f11bf0ac22fb9ebcc4a8a269800babb8adddb1f489fc48089239599a2374fe12aa26486f89dcb1da6052c4576473962cd2f797bd217e0475435b598c90ca98253b621844b8c194c34974020deb303730db8975a978cc3082be4a196800c64a8fa40eade95f8b01510d00ca35106c8a2c2c9e18b6009b4234fc1647298c31cc604863dae2f60ec25385cf0413b3d66311e21076404e636e607d6341895480103e59714fb906b72415625fc5c3acc34370abc8f48aeb9ec9117b888325f8b2d30a3065e59840c2120ff00024173a88a8fc1e78980c5bb88155d5c476c3ce089b8c1141a205f131e2673f0e02e724891da3c6b03ee2b9086d329a247e845798c65a971d30bcc6b12810a66f930ecc6fa507cc77086629433c32e90db29cd6a215c7a411952a2911c30f5a96abbe6e078d9128025cc3d646a109c11eab36c7305fac19590b67cf88c6186bc47c7f03cc6007115c30aa9350ae2ebe324a0cd47994a55822627cc285ac2d2f78eb9c5ca0c417d40ed14d40696c43152bb4dc504764b3b9511bb0101849c576620ce92014a212c97d4afc1704ccb8a658e4fc46b822dee63732b7716d5b2cb2cb19569c90c830b21ea1f88c834306c949b985120384c53089d0c15e18cde08f4b3c0cc12a4cfe369c369f8f8f32c88620bda14e580da8ee1c2341083462a5c4ae6256df30edf68d2d0736f99596c89b0fc92aa0ebbb866ec78db152da2016c271799b688a30513f05108ac77923016b0cdb05604074cb509d4c6e259158ea29a4791e66d811584c4e2c8245237886713b2c5d959e75868e0f336e57c4a6cdf78829f78f621502e6a0102058525448574d85c6507d3212850b76314c54515095ae692ee08ad4bdfe0c918dc10dce299617d7a44f89441c2df99922d62326ba66c2a53550b7c1399369668d19c163acc6384fc045863297ecc41904c930e52e4661e199ce2dc8ee19d8c4f6c580dcc73bb981e58c29617ae01aaba87dae554b51ac8271630c319c5acbdb3d04091023eb0ad036d667dcdad543983ef0c9056237151465bf094d3f81dc4013520c8f4ef0420bda8d714459901a9e04c68252ca8c2044c49c456a2fb31aee27b98a450afc26b2c2469c2411052d1a5f48e563e60e1550eca8ad6c97ac8ef33a3e12be9879220dacdfa0101d93115bb63f3ec8420397d4810432cd2020b81e90069bd3331a02f442b612b4c5c272213863623c903a9e92ddcadbb6504cf696185b64caca4e0479925860180b3393899ec581e53de156bee289165370a76c4056a7525895e98f7b1ef456d87944d65183b66c866a4844bb2c08294261eafd62ea0579a8b212f2012e0bdbe635b11f04b219c46b0f0845332c24b5080a7819a02c802aea1020598fc3494fc153c5c0f388b9a3a6738ac0603e58ebb975ccd6918e2786065dca4aeee5aa08f5151e1cc6560f3124efb96f931a046698bf000b752898ea6209c41c2a60a49a4116e27889a3a5b82a01886a2c96691c08e1228c40d466f2884009984228848fc293882f30a6512b1e8cee6689dc0a866734996e11ba99db289087110e188c08625389597fc0bc546e8a751992e20f502c5a2bdc29b628583de0dc34ed820bb3f28372045198b046e6e2ac4ae151bf8ca8c06a2aea66150c41b83099ee1b3af130e58b363f534aa8c0a2cf2e3cd429b4b82e2bf1c298085d9313918b27f04a6392a152fe5348fb4d3adf4ca5cc701666c4a2d57e671485192102e57894fc2bf0a4a7e47a20a027fe0ff00c032e3532c10c94bdcb2aa250d5fb409b2524e128d9017862388387847a7e39398a7f0560ff013880b529625ad8a6097436339f46506c252d5a552a0ef23df72dfc0ce58179887e1e11a2682613b01212555ea5ff005c42054251589b09e8cc769162913644a771c04e2239220e672cc3b58554b9b06e2599ee01dca1cc518c58c8216cb2c0106a3a130a1df30b94ca952bff16ccc2ff01e657995e67bc165fe2a512994c7b05458a8b39da62798087a90185808af899d9e48871319a55461fc5782fcc15a8bc5422936c4f2415c4a6364a1b6a028de0a72c654e254482c04ae221a89ea243dccb377e230455e2319f52d0cc6636561eac42b74d3894e21e093ae5db8312937c09da83a4bbc44d85f100caf8884c882ea345d4ab3ce07b89021d44fc74210964b94963ff9b972e311bfc0508a205972d8d267a5497f143dc45a210218d625750af9b952d7b44ea2ba222a61648cabf1120dcfe2ae998cb7118cd4231d4b45542a577122c11ae2252d04209050b65a2a7825201343983c31f489f11e188620390fb43a1f99596405a96b51d62a134c1ca4f1be48196620436423ce31ef42fcb00f2c1e440e230a5101d91732259ebd180b5601349861bcb0f04da1d70404ae150100fcb33332e2d96ffe33327e1137f84d254497173314c768bfc043052dee2dcfa896cd451ccbbb08ec4d9481cbf03063c30e7717b331cd313811c4b81fc13b4888f0b4c36a000d105da83a4f44aadd907ff2c47a8a629ba22752ae22f307843c6a02a611582888284879c439ce98cf885b7158229255ca422332a5b48ca48610f09510cae34983f0814c254a9501032b0329f8a9dca7e5af3f8654bc66d115b89a8d313cc4447e35f83f854af1f8b209065c2f696b8b9634437e2732a05cc292aa57e146278fc3394372acbb010aebf18a3f0a952a545c7f118242493c3f0533818a46e48754254818403d4f4cf4c7f30708bca496f52cc390824c7e193f351254a87e03cffe6ee5ca4c32a54a952a212a57e0842f12db958c2ee34ffc5cb8b2e6e54a7f01f821ff0085a234712c97f8bfc5c5254a89ff0085173140cc26d878c20920c12848451f82a152cfcd4a952bff0015f8021ff9a831ee4a952a57fe6a532a57fe2e65cdb33dcb65cf6fcb756618928c446fd454b460a8a9553da12e5fe483a87e563cbdbf7132fe462bff001588952a54ee53118c61821485cc2082b0f19902ff001d6d840dc254a2078952a0100812a512bf352b303cc07f099812881140b8e42bff0054c39fc0c58d2ae03446657e2ff15f817e16764b2727e1c04a1ca45503a47c45dcef4a2b6ca75126e51291a8c5abf0c25242078e5965326983ff008fd28ed9707f292ca9b97049b175c1ff009c7b50c62045d16d37b252fc148494ee0a59080a72d421a46ea1940aec76c208a952bf3750047f3aff00232e1148f2198f105b32ca23524d29b51444ab23dc4670c58a455eb11222398cb6d96336cf338c3a105144d997a0299a6e9a82e8a0b6025ac7aa5a7ea6c5d56bea8210727b3f85a1668b28172f789cea9bd988347ae25f3ebc5052a3c89a8de52406e15c597f9ee332ff000f996ea0e5422b1efc6904151d05df44160b4776f1f418aaaaa6249c3c4b47ca4c1f228905e5660b02a037d022445d25eabaa17d12be5882698602126ed2beb614520f860bb567b6cc682e6c641eeccf54b231504cdca3561ce40b59632c82c032d952a1706d347c8307b0f81130a3e687f251013f5946f088c22dc820e2bf7675a53135d9d443e923fb848beaa09fdf205dabacb6bd20d7e81fad078c5c4a420945b27e0081f804afc2a5408fe45a5e5e5a57e0ff00c9155b772c966ac96673315b8275ad2cb11198d4ec9a25e23a656a1c175e316d1e49d450571a680585a4a12fec2bd8761e50829aa5e4f0e1086873a93b0d6631062050d13399444f0a88b375b6a53f9f87c122be57d35b2f293c8fd567c0e1bee017da8ffae0ff00ab3c118b8f2b792ef77f6c45ba7cc1e4f79ff88eb2f4feb8bb41f4802b67d32aa900baa000cdbe0827b0e590fd326dada149e21dba203d76860783a0c424023023f7105176ff00376af4860ea3f97bf621a94ae15f0592d26728fbaae589476fb4cc580da08857e62d43ae9d71770f2ac5656e3d4ca15a71dea3103edef0ef29a6e86ada6595013d02cbb8230ea20f604729f14b15e4632beae3855fc10d55739cff00b0823dfc0a8b296a49db603e9c72382a016a410b3f65c11e194b2e7488933b9cff002aa3291c308b6a4771bd55ec279c5b034d0dad21ca5a73b3995cb02652510a541d2803e2602ea5cde5f7ea35402dd180c7e6577675bbfed8a0834b42347819bacfb25884a250dca812a04a9528805128fce26209f8bf131f8c465c0bf8197698f47303a8e4eb697d896a80c952ef132def39d26d5b171b94073817808f0b1dcdb7c6bd75e3303ad14a1852c804ea5e666b7151ee66dccbcee0ef262ed70913332da148a119ea32432da46760688452c7627f79c8704a453576a885f0d47d0461daeddb0c9c7da5411a05e8db022e35da406cd7ace6fe8460da1e37f99c4855852f6546a9195986fcc0eeb503f5e8e62af405872cd7cae279be5dbfd25003fb85ccb7eaaf71e0d9bf642fb894743e65bc0d31bdd301f967e4e2c26b482cb62bd6d10ef9137db491152ae93664367248efd70dd8ae798959094b5b0490eb5aa03551753455ae683f734fb2eacfc16c5678e47dd600a00f12c43ec6232d9f593b72fb5f8f45b8fe48632452c91df9970f5a2932ccef4ea2068a37ce2c1f4ccc9ba00646e8247c1bc8200550b60070726e32c3434d3899c0a9578254a978831b5c59ae70a9561244f16198e2c2900fbd8392c30160032ae81120c94c760ef5d407b10c92b1180c461c245773f031c93d93713c6255b5f530b3044b13f1641c12c967e2f32e0cb979fc162ee0a2e3f05cce580da90170ed5460d962cd2028602b5d5ac1681d6125b38ada6c2f28df6085a945d2ddb850f1552a300c9d2bff009fa4cb7c015651bb0943ac21afc6d1f0cd53398b81609e01fcc0396d2faa80608a3468f88ca9e8352fa81c119e79ff002b0442a735020f20ee52077a82d04bd6fdd83b5d5837f2b04042ac3550bb1c103935a8574cc4212f7ed83f05479726226f1d45b2350fd9f4825d839ef3cc4e0cad94993d872fb11d2294aca9a2fcacb01c42d6699370db9c710315af1183f32fec4e4da965e88c188d2aa6d70248ed9ed1f8d31745b5e1db2beee10458a27b5b97cb68da2c31df8d886c3371a839c22ef66946db0c597d15f884f7abec581f9f7212040899af9fe425f7fa334a1c0e8a7e825c8f545b6676b025f9b6deecc88ad5c7d57fa97322eaa9f4a85a93098d0d9f11951f5ea728a38dc17b615285f5534a402caf9871a7f955a6b189cbdb61af7b31a6e32222fdbc064b101a31be7592991802d1531686516c015777731a661df6488c6d901565615022dd0ee549145859987914c266c940322ee9de2a0c37a772f456e3aa2b0cbfb195b5b8d1a9d6a644e2e5d36a4dd99da62d10fc02330dee0958e42f1cc7e25e086a3e441bd91cda8405739d31931a2b3197ba0bc45c831355bb4eb9a86f19b56a01fa170d88c455aa4bf534f6b0cb71c90b5d4d18507270c860c7364b1b5fdd1fb0957cab5819609cc26a54df4ad326789baca22c6c8db565ccaa2482d270b424d850f40f776c314421caa3d967d825987d9b7d94512ca437765d7d9a870dce6892f5a26181352008729aa3a65997ba8f1b001ef0ee5f418c71154da91f463966b295348cb2cc48dcab546572c7e94363d40ebc8b947bf41b58329186836077bfa29138857228c63245e2d576b963058dd7640158eb7f89724ac94ba83bb53022ef83611a0190566e5233952f0f0e612f816584f8600829442157ebc64eeb50d528bf3e623942e8afac11a9dd4b8878c9cba061a216111888c5c86462e91d0bb87766ef091054565d26db5ea73046a9f34deead1560b60eced64ad1a9ce11ae2a964d4e0a39920a4796ec0d297e14c28bdeab9297c0c356e62b1a104ee85dedccafe0a7d6ff00a23cc99c210158bd756db282d8945293cfa40c1aa2bbabbc1cf0c4277d27671d9d2703fbafb829d1cc406c9a91ac3588ed70bb7cdba43c766baff3141530f68b61504eaca32e6c71831d830bcba5000fde637ede2f50964388b458f22374449142ca8943500db1326db21c2a22e0cac6ef44a9a7310db09a1120d0528b90a1e48d2129682c558b9c41b8a46ae0054533d4011638806fa035a978870db7004d4f332148dbf101a03e9dcc83746a8cc78f224bc27b00b6de6249a0eda30912065e999d3918bb87eae3a128be626ce26552b27b3cb823a41775b5870b02a978313958955cefbd390d453cd502d3d0a60aa5b321a82eb5e23816060c90b7054c82a168f54e5bf694154207640059b25f6805bed65a548aa0f74d65b535765987100c304aa6dbba0a346000683010c32d28696c11245faba706a286814e21beef50ab97c6a04ba830217eb777059dbffc1618fb9605f05e4a081aa0297161977e4855663644d49536147bccb5e0814510607b069982c54bd949943283636ed3a9806e3240d05d4fab4fc5ec4327ab2f3b31f68acaad6e708ac171cde72d74cc1b1b345318fd3280e2cadd618039ab2fcc22af1544847f30cfec6357208726894b96b0879ab0eb0c7d0e53b8d34f600dfed95b4c0b9cd757b21e3e0b852806bd59f5386d57cc39c6133b9d0fb2866f3664a3713bca8342b0427825bd4820b5f17db0b5fd417016e7af39439e7a0db00ebd39955d18606d65e33c3504a3587603e86656929cad5a8c35acc1635f909f20b4367096169f01806081386c92ab24062f9d36c21a6aedaf142b10f990f0c959a264874a22b3698e606855b0f5580710b548abad0f86e0aae836bdb9b5856045d33aa95f6c1cd71afd660fa98b22b6d47249851681cbf39c65c40da170579eb174e8f88a26f0dcac034583828f9879af4931558acf732eee8f30cae3383fc46a25fccb2ee8c183c4070358d77d4aac62b03d1317154b00c971007c691538725ba8281185a5790854b841aa1c6010205ce04c1abd1f3020d6777b331b52744e55507ca294f886b74652ae9254b2c51ac7a9cc61600e5a05c90d62016f178b0a62e35e575451afa46814a2d2adc2c43ba4605a11a8ad59b3c408b922003a2c6a9e3865a90d0e5f6fc915212ac14a6fabc9a2daa05b4a409a2f043cdc6281b3591c455e217904111904706a17705e705268e585b35a63410682064a3f252648c45485b3b4359a6da41c725d04b4c3be147e7b00a824513e07ed8b5216658355bcba0f3157a64fb247709f007a88be9aebc1390f448f201a2f1c38ba2d3411b502ee83383291ba8dbe7e914709e891d4fc440102054a6ae1455d305f74ecfe0f440e1c0a13df7ccc960d59ca3a251f0311ddbf85f3e71fa431a152e8238c0a8fc128f8b742a174cb8002e0a8e4e995996305351b06e56abc8313e00a294bc04260473ca1ba7491f2e000788bf70e7e5980ecc45e0b2669d2ced0c91b6852d1ce04f5d352b71635e55acc54b7c4c093a504ea060c8484a202231293007856cde344287946a46461666de7828a10c6ed86fadde508b5d0d37165ad8820e8e74dea392797d147374a57ceb12ad153a12c285ba23e7d9d0ae0ba0ab5c9303aacafa35cc040e28eea325960629768f175f418842ec9a29aa6016f080731ccacb2981f17731c895342b110c77d676841e1240255521cb8826a002b30e8d6e121e5c5b492091c9c178b86576152e93192c2d95a6269c17621180edd94829a6e19a302adf90cc32884c2096697570c11212c0566bd5eb1f72b3359aea970cb8682517b845cd79be86b6f4a62ac6a28765d8b62f6d6a00e0b4971fea42c5985330f2d4c826dc03664ab6c556f5d96ab542b7b98afb47361c52b2bb960879636bc51f62e3422e6deec89ab4a48c26d8531c9645598b808a04c88a1ce530ef243d4af8d0c63cd5c1725ca13dc276a1273645e9a0d2b98e805f22916be718304c1a6bf988ad0a57ce651799ea4165698a5aa2068154c9ee3a43591095e107734ebc05970861da1b10032bd24233adb582dece660b05b6a0b5592b3280cebf1cf423b7115ad0eed586f0f320e2f39369e4bfd927c3705fd209b7ff3e491fd17edb897d8bfa14aa299ec7e8278ef54fd313a7f85cca69edb4cb0f2d44c1e4f593b467d1fd89e8d529fa8b41a720fc2658163a05ac10ee7a98684b580e055444a93b3f898df1151899002eaf2b145f02a3ea9846bdd7a14d14457e7e34b2d2a02de731461756f32f9565445a44f994fe469256ee5d658e25742c8292496c6f5363a4292c9634c2fbbd771b56542740b98c32a0237d57079828a2372d79fc0ba8ad5712c1da0bee9501af5914ab63830d769081502b6bcdc5ef452b8520b7e44ab121582adee320208a34b480bbcbe205194458dae7b81b39d73bc5b70aa179a3bf11bcb3327721550e16d09de7ab2ae16b62333572e5f20d985c51683f6d412c356d52b25e8c7bd7f1a62d4fe0753e2382b687090441b85b5f0a8213cea9bb148478952e02b7c32e8ac28bea09e18d75c02d75468b8e77469038ad5cbdf02903c803ef82591edb0e71c1530b355e2f52d71111b54aad0d218b95c9157a2cce3a0c50ec0ad1e62e94a2ab57a631a2087a410d5006ea51465cb4834349b211ed56363696f8b30a5d6456fa0171222e5fe1ed9a0eae1a8eb6e05dc9d9a97a41a4aa920bc50d5a00168eeefcd0e5ab863acb1d45230230ef455340b074a6def1602ed1531b67c55008b7843eb64c01a2b7e132d84692c3621e3dec0a70b77159edcb12df92d46c147ea00035d4c0ae31caffb467173cfd94cbe6bbfe7008aa1bc339f2eebfa0a263a77b6f480bda7f5f50548570a5b28f54982bd5c441029c2bf8b41984f403e52c42bc9b9fc2259f071173a3b450af765844792be8c3a69d0f98a37d4b7af51a57393b0ef044906a8f480121d71d7dc79165ffeda095cf50fa7b3117c9a3e827ed2900cfb5bfbe745ff007cc30407dbf8a597b163f697b4beff00c525d85b93047cdc1ee8dc5ed742985e7c12e816f297049958f7561eeac8284198069ed0285397bdf4dcb82e21e03abdc2e515d56fb22b6df6c7e512f258a7579ffd39769fd007c13bbe8dcfb4cfa74fe0902717b27ed620541b043d44815c890c2d4f60e24ec85a61ca6a63e2ab603b3ca54abc23e1e662bcf3d3aa135f020cbcc3558aaab698a0442c6d7165efa4f3398f72e0f08b94b43161caa6c107f23a4b488d620c861506205837a0c0ca0aac54a06478ee011654b79452b8a7d11b4b173cc044f001cd46942e762b9f10a711a6af196018374b433b1412edaaae80af0d4c69fa8b400dd2648d4acf4d202092514d65215812e2ce6ab778352a0d06edce626c301d35e6aa8f8999f7a4b72361a13e606a7922e0985e377a8e54d8edd754b3f72c6854c0b17ae412fe4c35ab031d54c488f30b9cd51db46211cb5c9e53693116d8dae00b82c0968c952e99c1ae1eac73dcf59023f8191267ab930dc2c5f65453d494a23cc76a98f551a0ba684a106376637682c2515808046515af481353b8e468ac68b61866a663720b56b397074473a307cc401ae3009f1846de0eed7ed41ec5ebfdb1da9c92fd2cb0c5ea9fd1070ffe9d2169e09df863e9c23f0dfdc44146d94acca50a39080e179a04729f5a9fbbfd7c525afaba7f68f2c45bef68af469fb062374d3a7d1be28b794307b89f8198d29e4ff2d0bf4825e417f2602fde15c12768b85373f082d83c2aad1f1caa3cc1ff00e56fc877afe7fb315b47b07e766328d5d17705813f03a625cab6cf69e58dacc303c1f0f920a9a211b2308c42c3f0a43ba12d6275579503ec4310fa7fac975dfca4feaf9c19ed52a4f8ed2a2afe91943e846944499b48fda112d5bdf181e62d533cf9372adf3cc85c4053b02c1a13d136fa71ec9a0f441fdc10c8fa3fe25fafd463276d97e065c4e306cdf05a2ad8d503e439636ab1516b3b608e01832a07b28461f04a6a391651182d3a3d5ca6332144e60e9631b0cca06947cfc4e36d1d06583c5e8f8b268ba8c4838dc074baf9dc029a55868c73151764b97777ab04fa460a1b35bbb05e6ea5977a802a02f3047054bd8c845c901a5909b5ec8a89ac01b9a6611a75577747bbf0045f3c1bdc26c4306a3d32804fbb76e3782254aea9fd11b13b4b00f2ea2c888a169a7e483dbdab6b83a44022d8e9e2a34a3d5a5858daa7d0b612ed052056409494cfa4200f7bc4b880b74cf96df6452cabc8fe97f7349e879f6333b3bff3c30257fb031e25c41d3fa1446116eea137cf4bf81117f3b61351ed1e1445e8af545f822bf35fb54895a0768fea897ae4b29827ad90adf2d13176fb231341d0a8cb6e7d7309e8118f6963de660c4edd3dfe6909c7cc9a44fa1a92d7bc84fb20dfbc35f5b19a0f72db01c086963d22d74bcf8333725194afecf582aa2b457678388a5bf95b7dd2cc8195741e562cd1d80f7588e52aff00ec38228ecf3b855e4c533b062522f76c46f582f0c3bcb2801c90db6a23875fc0c436837cc55dbb319f5044f509821d8944a947e1985174f61286f3dd91f42ec45a8278c9b8fee8596afaab0794656d9ee58f8dc9d2865007d1fb31c5f5e1fe6375eda315b27b7d08a381d9946d087b487a6f44fd45da32e041f53f64d77d71fb206907b5be4541ab6dd57ece11cb0cef8148fa4e54cab4051d04d401d9d5364c3ecc30ad07069c1305a29c6182cd91940860ad50ea232daf76388a4602ef59a6cec8142cf3dd99a8b255c1bfe330175ba334d333a16efbe0eb712b0bb0e20681618d8055a8d49b5aa2ad419b82269b2b87a8559b96a45029696fda37114d2c0b21bc9cf70a362ec8ca576861ae223635c2bea6df05ce6af355f9a4cdba9a56fa9ae6edb2d8887a020b46af579089e8f528860a400c95d0101a9e70a3e9a43e560e22eaab29cfbd406a795a7fa3fa61416bc1f5099cdd9cff00a272479bf8313ec3bf280a22ca058016075ed37e94a3564687ea457966b5e236ed9715a89dcee4f731ee3055f43cf8051efc4cf6ad5f9af92de1b537d6c65996757f834c645ec46a0a1e848e1a05ce9960abd12a551c727d68beef691e5071e7a0703cc046784b6fd5db05da1aabfcfbcb31a0ad8bec7a4cc544ee17cfcbd62a43d58c31511bdaab47a04ae3a3c7e51e443e12cbdcca6652f92398de2ffa655ff9df8c32de94f007921de3a94b85857594f029237ff8371f9494786c973764950c3ae9100533e06192fc01071270a52b1a4c6a3d21f859982f614f964fe6bfc46597b4b7f2d9bdf481fa899cf5868df7eabfb203fb3f732a07d71ff31055a6c038f680bc4dda852d0a5c9647293a21f901195af931b66d619c51d3c83f728adfc1fe20459ec5fc431fd615c33a41bfe2d718a072b571a4e50462b1e39062a8c1a806ecdc050bacc81ca175918f754168390d1896da2c1890b470bc5dc28b4e34606fd60614d28e23ad2f0cfa989a48ba691dde065c4dba776c2a8a82aef7712c8ef463e7b8018b9cdf44e16f30090d0a9b5cb2fb32a387043d11da0fa4c46e143456d5e8ee51833745ab823e008e96e571c9c6817baefc39b3210b033ce3fb95cc18ec9bd0fe4837c1ff005c10e46788ba180db2a00fdf14281688076aea35e1e3be45c173718eaf2cc03d6f76a94f354527c4c45ba16c2f1823509bc613d8c11f17ba657d5899aff2031b3bbd9f7608500ba17ee98b327dac9b7cc5b1343c1f3f7abead2dd57c3f014264baad5c22025e0060bab6375aa168ade904384107069bf48b1014019c736c0551b68dd9f03b562a31ea11b6667b230ee535962f0431fac57eacdbe08c5a03a566a95a035fd52912703cce616ce4b6dd1fded984a5789e3c9434d8ed788b3e9e071eab3d54128fac2a8d354fedb6356cf296313d2b8d008eb3fc94c406772fdbb233aed1fa4822ea3b1a1d90eb607dcc4ccc891ebb55fcb9fc420423a235c9305fe35dacc5b9db3f998ba1dfe4b62f7e0187c6a55e7f7136fea961a54f85ec42b2c173e4c87f98e798548bb0e59d8cb19342953ba8350bfe1aa9ca47a77369e2021f7e03f69677fa914b5c0f4bf44adfbb174ec51662d826d4b4d441e1ac50a75e6b81cb259d887b8b0621dfc558637005612b6310a9c5c2ebea6a6602ba25dd76eab12ca7b5ee3222d9e62cab967cc54ca6ef0ab993b5e723100c29ecbdc441ac6972ec1c9db77e2770f4c502350d2676439db037e9e666d55068dea117557541ad2c65b972fa982a5b2241ace5405d402c1078a9a8e655bcd557c763e700c2d5f41ac236f3656235922d9f50caf58102166c03ca65b1a2527229af8f5a23fd6fd11a2980e74e58e2c0436ed85f30b23aad33b285899fbbe07e094f55972679b05fabb6563c7052c57ab6c8992d30380f5c1e3045d05f77e004dc852c292db11d043a766ba8db5a74de43d2e775c3c578a2f3c2ab4e14bb68f8256bb4c1e49e9035ee2b4c080556b6db87c96131c5d5fcca32c60a60785fb9743b46ea7d0f426b5bed3a1ea4274cc1c7847040d5fb052f2a25e04587093e2e903cae85f679f1d1321b65ee7dd881d1ad0ae89c1e787d022356ec5f3e516accd03333a2600b582269e8ce008bc29422ec2ff5d596a83788f92cb172e2825615dcbfdf46307d7913627f31b1c440b8ede8cba185525b088a340523e11a8a55acaf39425a3ff8f1903f2edf6806885ff23482b524f07e29a47e60d01f33f5253547f530740f4887db2bfee0fdc053fa540e37b2fba9210a03b510a3bb27e4ac16551ad8136f960ea8fa2998c6032af24da2dbb09912175db73bb58372fc01a931dafac5c85dae59579196152be8b05952a9af51dbd6607e0e4958c5b6f36ac45644ecf6032d45616168f5ae63ce0f19cca051bfb403ce42aa06d56bab8b270f7e02217340f195a8da8e30a293406ed2aa585777a8f229af0cd45e5548bb076b908b3463b199504d195d5ff32b452fcaa50533650e576c2c58645e4eceb45ba256d4be608012194641df433e127bfe2283f07cff0052daaf4bfb891fd7e63d03d03f6a55bf6dfc4c6b451acd83d18becbddca52835ed67399fef51a60bd657b03ec2028c547d65a4bf3008a1195523ec5e95b481bcc04b83be2a8d00441191c4a34711846528097f5cf04b663f07ed1b8f535f4088729a3ed123c615c99f325e45daab4ed18c828a0b84851f311ef4458a157e179544454285bfed86dd2653f40dc5c1b10a81b028f44a952787fc2a22938a15624e068021b0c6cbe815f88ea246d447aec4116c23c06d662ef3ec3965b50f5fcaf2c100744a20d4aca16e740655e02366fa3ebb561f34034a1ff039f82df5984bef0bfb24a653b2026ce49685099079478f3116d0e6ca2ed77e258874dfcfa92dec5ea731e9b232976d9a5d24a247176337d8d9ce7b654de791185ee6c53ea5e3cf06be1751d74335f1dcabaa650cd5b70199db42c5c0c2e05b811478285f2ca5bf2ad2bd532a0a5749b0f1c20facb9f3783f410ce06243760ccbc223b8a20679958e738290f0c6ae80469395f2651a021edf32e5cf36a4047b0228072aca32b805f7d1da6e85d69eb6b8a544aca3653d26cea22c13ccb1b551e768245339c309450aa751bab782c52924a254b952bc45f3da6056bac152d145148aa71df9e88a2aec7c2e02d9b43e2585c145d9f0d665783c86c1f885cd7b7acc4b5a40396f80e885fdba09905b8cba8f72bf2a62f4d10035e4f1a80c592a462b8274c04a200141fb2647e563b87d5455dffe6c0686bb3d18f55ee4c77f86c8135d0772aab45df6d7eea3b1c97f7d1f492c33f84d9b3613829a58e7810478bf7287081586c6272fd0e1b5dc60c80be17a3f1f12ed65fe36f371e7fee898278630daaa515165a946a808e1e3d1fb4c5387360fb14c5a7c50146ede9e9a4c0c6ed7b4c081ab18d9d7831f4343d98af35f83406e7e63644f8dc136a51c530be83565f04789d7c801c50d825361084dab7f59e87afd142ef23da66581b1f642f46ea19a26ed2071b4df87b8af6a658f8cf273144e40074da33be6bd3c914ae97ef77fb2548f2bf885608e9d1d2cafdb51e066608d309b2c5bd7dc3c8f0ca66f95c94070861f314817516eea55e2f510ac0bde5de0afb712c1625e70f090b62c281aa775b0edc285d34b17e9c0f0412edf30000c72c2988dfa257d439a279b14cfa4cab40adf822a2590f67f5a09a17a68806fcfb67fdb0cdbd12b9d4c9c8b85ff004630a8e7a00172f825fad39bc57983c04e843a26cf301be926ca4b596b1fc7a61e142f30578108339402d06388770af8de216b5e7c47100145d3284c09c4186d7b7f89a3698c917470b463f0cbca756eab5182df100f5cb00444abc3182b50d00aae84492e0de1195e04415e15cec995c974cf0108b5b707a453ae07bca0fc6390051e6e6165136e558239499653d4a7a94f53c13c53ca82738692825b3525fa012f553b0da88451c23e991b79d1fa27f11134fe88a8902e1d302e04153be88aca54452768d136bee1f6098e43a237f4f4150610b77fc24b4a973637f371e03c88185765aa2c0a44e16c4210e26ef446b96d014c6e0cca22ef71007bf24a8a31593e91c7bcc0182ff44596d70aa3a21271fad54739b0f7c2c706e8772790a924cab0b204cfa2e6bb25d80c174744b7a54f9485e5ff00d0bdcb3d86c953c81c43089903516b2f32edcb53ab7f4535c474d12fc8c0b7b6fa9b7e486b3468f24bf7495ee0bd98b4f9cdc550416c547792bf4c86c76e9ec73000ec614e888d1ea8d04b983af2c6ad095301ae307276741d4102a00000000e00d115856cbc036ff10a0288263bccbf7258895fa0fdcd109ffdbb111b59f449f8b67d0711eb2c2fdca0a72c4dd853f48375005eab317e036f04714814600d1e89d3dd584e91dbdaab595106081f02f45bbf24c5c649e41cbd9c43b285eee88b3361ca3ea3a8a9b71dc410772f2c781ab8ed23605e9cdd3a63990f2156b8ccdaea16541e0614a7cc0b5905e7894d1e1b8b56f358ee06c10c2a544255c28310ed1d4a644fbbe1780c03e6cafd717dbd2475b1465680940c1d831c424d58dc32b857f8401bf9a1d3f0f091f27d8945d3ff00be24e1f51fa4e01af725fe2650bb3fc3f8c004ea18fab61145400840dce3f82fea581cfb9aa209b18263dcf504515dbbf6ea161832a6fd5993e8542dca8e89b6591fc9f9218a5bf24b04a079218c5257a69f2c127852dfa25acabb759b66d9df31bbbe58c2c732b3cccd8961e2a3a2adbe4ffa8aa33fa3212d9cf821b2762a8fcdef5da484615a3dc4114e3e2767d312f4ca3fa20accfa742853eda1b5de5961b96d184716196125d9e6d5f7cc3c2181c0b8f69967a9afdd641c3283d328750e1563dd8dc280bc06c3ef63eb2c5256221442d199942ac3dc8d5a151ddf0c5f41f946a8414abeea07855a83ccd0dbcb28534b3e88e47825e80acdeeb29b246a520b4be0877a368a486279b8560e508c618d61877a7dc92fe897e4402f27303cde5ea11f66a65e9c33ac3bbbf8a041812169b6bae01bf44334b0cc5680d133520f5a9e12c209028a1ec9482813e13f11865b210cbb97112fb6e2a574bc11fa4c7770f350416f2adf9886ede1999634f2103d7c38703b84b0551049492c3f823234f886d7f0411be26b478b6658a11205362a5f262185576c313f886b4593ff008a980b3b3563dea52bdbd2ba80052bae73bd19394c64ab2603001f703ea5d080aff153a4bd080d95379f0a09bf8515fde4e24c69d2a0a6b0352c21bbc08e13b7cc02923d7fd31f4e5884510b79a5951aa88be9fa4218a5601adbe65ffd89cc3dcb23f0d981fd688cff0093c72f6feb29a18a647f7a56daa7347f0237540cbd12d9e434464cbd4bf88096b3c303e7e2a21b12d209631082a231a6afb6545485d81c73fab2c8b12da5b587a977c5afb63df17d957ab99e6c0a91abd22f2487d9661ecfa4465f6265f8fc5c3d9026b41ffe12f2ff002f18f4b53bf445a6eabe8fa945aecfa468fd32fd287caa99575c1f0c62dd8b829c05774637ecd30a5a91a75a244cae3e2d9b8b8620d401775598dda74a00b78cfdc3a43e9db2c7bcd4a1480b7969e199552b864b3c3cc0d198c234b0f88a3bdaebee53af6a020e00b94c01e84a419547d8f850a1de01909a1989f43e0806d2e0cb65ec90354fb18f4d1bf9a73aa528101b38f1747e04ccc0c3e85b3b8ca7d338ca8a3525e143630fdd145dd31ac54c8155d7ecfa0c16bfc6517a3b0f9c4a0012890406bd58098ca57dd8e3a80ae54409f86bdc076407640e750a733295e28da5c6e154daa2e3ea76d05cb772dee086c6154175fa666883fd7715dbfaaff336abd61b66faabf814f29d6e03af9a6dd76f2c6aab201a295df23cf5195ab0fd294c7fc86717fc590dc2fd6e1abe99fd47f56b17947bff0018343db200a7e148e58497f62760947a5c640e06a50aa254e602b479ca3f1665b6f2bc955ec310884f9432fcab0fad6d24b5e09706dfd4438c5b05c949c0e541c4a7400352a1a857a0c68471ef84d14db9768db9fd2e2685411291e98e015a2516f4be8fe10530e8b2d49eb0b5c7aa64b897dbfa137c1a78eebd2f4fd70e9c461f1e1f1c12ef72f7310f02b6f63f6031bc673eb53fc08f4cea1bc821a731367f994a3f231414c5424cc0b11a3c5b279659d8f988ddad4ae194ad0536cc645b55daca4aca4acacc8699e0f328eb47a469fa88b2f99481e07be5839a2f20b8e53065b5387ae66046d57b298fa98e21deda507a84a5b6460ed0883657299b7a3d58c8ae80e0bd7d3042b0d647b80fd314445667cb15b97051968db2ff00e4fc176db7f8128d8fd315705fa43a250335f883c40303b23d06145e2d7b83a25e5d856ed5115c75298acf17e0bbc4f13f8bc52f04e20bf0425a2a06dfef50863a940e98f04f41fc21e4413a67fd433ffa08ff00dc45d80f458d9f696ab58c3972b0a869bf4bccc20f6c2b772861691f22ee5d6515cdd2660585f086ad5d5027a1336b92cb42aecaec1d09257a2e04c2ecef51bc0507922ff5df4c4e0ded77ce5d1c7b42b2cd417675d9d1866ca4f047e92b402e6ec733858ee51b82e8aca839f59525bb85ff003b6fb48edda2f7511280e88c7adbf8242d07dd93fb2234f7ecd0903abfd007f19b8e2e15e9ff00198818f20fa3f995d20e21b5410ab235fc8b97fc1697fe6bc277de6bee5bf08a994afbaa21ff005800953ac2fdd25eadc3e48416b029de6ec5d44ee7ded5864815f50a5e00f35a9b59d7a42e97bf3d40a4622a1c3751813cd2ab05bad4633bfaa6c747dbf9a9be7f687fe313feb3d71ef9e7706cacaf8a9870e7c02d544216b2b8bc3af98034137d93d72477c9d63511b4042e9ca05b80479a708f13a2f881598d19c04f07e67f909e58f03e6783f33c49e04be8967632cee7a329dcaadc41892a585f95209aeadd901fe4fea1cbfebe907ca7b60e4f850453abecc3ff00d343fdb7fc479a2eb9aad3097fbacd2faaabd8260b12c425dba25ee4b98de0b30b8805f271fdca102d8868124c5072436e2eb8a370b47aa621f23bde70878885fe782d20a7ff0040cf503d77f65488812b208405b43eb9c0e7ca8850824a2702a177c11cd055887e997660cd2503ce02f50946025be5396c8d00801936b299583180a36e816478873dae57cbb4af5410bfeae93d797f528cae48ea07c207bffa8cc4512d1144612fae7867a4f889c104ff00c43857c4b727af4cd5eb3a4c713c8f825f012922fa332ca3b4f7ae49495e07c4a1af9fab71d733f97151ac151f6d05854f754e0b12a3c2d8cb0f5875610a2b5c391285be0c2af78809adc19405d216d01b72fb99bff14a77f947eb5e195adbe19671f06785f8609734178b7af498d4cd017ee2a82e28d2dbfa825816114cd562bd582c0596befe5816215cd570857e7ae60b99b9eccb5d060a17471f85d40c14c94a69542a953f2af52b280f649696ea5a5a5a5467b60eb11002aff04f365b89346263070f750592357c931125b02e620d5e2b5f3b3feee1ce3c00c2b604b46c4e3c54df8662dceb5bd0f70aff00763f9d93d4a6b318ee17ea129960825ae0bbbe620d45ef6b177d4b58ddb786696cfb94d754d9f59776b1ff00ded12d950798bd0a8eee0c41a1233347415b2a82cbe8110fd9c09403e18562c08a748a30f24caa56d3a44134c76e7ed01e1e67e5f595098a12296ab5fed160eef45bcee62fd0d9080e8518732fa294fd461f6715597cc35cfb30c8f41fa4b084c2b328efcd553f566dfa223f8635f36f7c3b3ed9fcac39bfc3f89c24f53fc100603eb23597d6ff00ccc8d5e9fc865bfcb3f6c0c0e56b69ec8215e369f44ccaee0898397ec1e7c962712478e11e4cb2dfe1fca8ebcdf2885094374378d52371f710da154ba7b27221ff00dad6eed289ae849e10255a7ba540d2e0cf9a47fc2474a182b96a17c15f4629df2f0c5acfcd123255e715ee910d453cc6ac82fa516fa44482795349aa154ce051f572ca19c22b086df966a19b16bbf7d7041f55202dae7de0b911b456b1aff933f3bfcbfc533fc5e697f95fd0c655d7ecfeecfeb5978fef41c8b0aba1ed93ff0056ae17fbc3825f4ebdac3fee92c82dfe498963841f6ca86ff6f204af410976c1f1701b8277190a11705ddc539ff4260cef119512a57e0fe0dc65c4b9264baf828530c93e195c85604afa5078be8c03ade7a64d9ca5aac31e3c8683171a3032c611af6a8238d96df0c221768f65478fa5f9fc27d74c6f504ddc2ebb205dcc15435853168252ba51cc3af12f87f89e22c41866a2eecd2ca2593d0f7a7dd4869af4ba1e584e804be734cc93287df8d5f9a7e6047fec0998a75fb196b087846ccfc6799893b6a2d60380caefa128bf5315428f5c4487f89b965afbd44eb421fa1219b15f73f44d09f53fe21fe9256df88102ad8e500a763079828216845eed25e4725e8add0c12b17150a661af93ef0def177c972c7bae3ed0b130854b84e46ef923bc7e63c72d65254bf1746bc054b5e85df004f549c356b02e8861f7f58e00df9f1eb70c8c647c97bae200b25980fd6cd446ca04a171d16ad44c5e5f165798abdb6d42f26d5b6a1717375bc8b2f561b80de05ad0b9194f780ac3d0166d93da51540e054b0e5d84ad669ac0a7cc73a0022d2c076dfd4739a2be81fc010f711a0439c47485036ac3e8e62d1257218452d76b3436d040ff00cb5a3111fb7637771f3817fcd7e7ff00b60243277f9300c7fe8793ff00a4191cdd87ce078ffd1904aebe4519d45dbd6caa10d8a563a4e8969e82d6176c9858b4cded309f4e6c18b24ba14cdf1f9f5be90903461bf113922d4c45aada3eae54f4c05572ddcac51820812a177db51f26854ec364766db4a568a3bf57fb4a9fc8dcf413f98460aa4341f4197d7c2bf6ef12cbdcb5580702ebde0c418124f4233de290b6cf17163388ba97db0d024b8aa3befdeb647627ca3f8abc5cf1af7f229ffa6fd268168f6accf88c7e05bd1f3fcfe65d295b9977129f63f97ea3658447634c0940780fe65bfb87f7cb7f7c6c536281ff00010e06fa45fb3e899ac6f48fdc14257517ac545fbe87e2a1d2e1cd4fd5473488f4099277832c2fd147f88cbf1e9fb8ea2080aba0d4f482a0b6783df31a7d3bf4c37ece621840d74205e50efa04db8afc5458d7458854a9c3a22ae9d5618e6bd0dd620c45cb6d1f3e62510ba0c703c232a11151348d64498998d55a3d7598294b0eb5a7a449b4a6ecc60ad40863322db5a36a3e73019683cd0200d6c964bc1b36bd13a9032dd40c058c66db2f26e1606519c0f7a05e7b8b0e15fa0e45db640219442ca1c78f8972ebabd24a1605d8f172483321e8882de42fac4ad6a22046108e7aa2fa442bac6a8f47df0dcf97e51613abf0ab280abfd98ccf96003e2fc3ac44c75f6e1b856d7c89643a93c8f4af9a1b7fbf913194f40f8228405649d80a406ac727950f6061e19ee1d18a98b79b468975282583316f3079bdfe44592c5ea0b63e3c16d5c096b76717ba003f072ebf192bf44ce7798bfcdd434de0f88a1491ff002f8c4ba495a5fca2ec3882897aeaed8c396de729fbc13d61270ab361c43d2be6165a7f1472f78bcd128c736bdd5fd25423ec854f4b2da1dd56da4f42389aa30ef5c72645b21eb0ab9c13f102979d132a13d20450a1ef714f4b82483ac88b055939c301c5fecc51cfff0043c24777c238bfeff909fc1a3f4476efa9fcccfe13b0c27bafd7437d77ed7e2123e2d445407a119e5b2a2c141614b2f715fa08d7a31efa8cdec961f576010ffe61a50bc9409e810d010ea22387e8193389717d2bf5494b51a7b28e6466aba4beb0a7bc2e7dbb1bed209426c36c894b336d3d032db1b220d77735e9e634d8447110f760940292f00d2e94aa5dc00052d282de95b9a800055cd07076633500b042dd22d39ac31722e5a08b016993a86e75a8345175aabf94370b021a20ab025b3f88d0cb517a015c539bf11b51b8a57e2a58146aae0e53672104eac1abeae3902cdd1ae5702995f0ff00083cb02e980322b1c9890207c1186a400568ab3e4406005b5c0bb198b504a191b5220d362fa3305dae6def9100301bd2c80b4c27ed641a867e693020c067a088a3ad97ccc3dc7e493008c00f4b48369b07d2e86dd33f348961a01e8026d209349debe62a2ff05bb963f179a299415402a82f95e0273b4601e17c1907153029042a838d04df72c04a35303131049918ee2b4d477e381c7707e119ab59280edff71647363e057df52be40d47915768f796c7813d454b28b1e8683d8fa48c8b9808fe3a41050ef3e8f784dd16ab5c5f4416b5246da03dd32f55603d98c3c458a20a319626e1e6b7d6c1202ba381fec8cd5537fc7c5c9e3337c474fd2c2af1f530fdc89586c0ddbb8cebfef7b9cf0ff06b2ef02be43e8b30973e7f5c50d6f3fdf4cafa87e9280be217f102e77afdc2cb4fac8d21f69fcc35f98087f51941cb98181ecfc005c2fb042ebb33cbd96dcbf2c38648230fdc4e343e08de17dc11c30a03486ac78be3a588adf0d46e1eff00d800b1d185fa834fd47b3b3fabfd4a7b21057c5a7e8c15638432c0db2c3d22288a8d2608c652d26638d84684b37d442935da908c5aa0606848c85ad30b53bc428c6c93c264d2834415dded0080fbd08e34c41601a0d52b68ee5015050b517903e372b0c3b19530a56c0f851819502d28cdc52a5bbb65fbcb51434a3747b9550cac82e7500057759f1028ae7bcb097606f0994b8a7237a90c4549f913b1e485179f83e1b6f499df804b9f108db820f9b2c768d005bf17f6c2c76cfd6e4e333e9488bb72f6c2d5ecfd97186ff9484baafb5ed65fce01db97eb5f582299f97b195d6cfc3ca21be85ed1136d55f78b1cfe6848ef106751721a00db17f37d0f39a6c2248b73e201b3ec95756fc9f825356f5b7ea521e1807cab1b4bea07e8436d9cb53f64b5b175fcf58e6b411ebb7ec9e89f803069e9312981b3fc5fbc9f3233fd565ac1e79af407e9516f8a7188f598fa4588bf58097b347c0128d733eb3ef1fd51ae9ad789fac18132e6126d34b054f38e1b133e119838c086210b9d5e2d6a5a4be89483b3dd85ff003c37de94c3de67f0d822ecff00b619d1987e11fcd1cc407f39b307d9cb953fdc1cf197f45a24091a7ec5cde9fe77b9658e3cff001298c3fcb27ea67f35cbff00a6fd259e7bb865d5f57f34c076823dc65e9d74c0d9f0474608d108d02b2781c1a20d4165459230a43a0224e632b2505f02f0251d3030b0754aa2e831cef583b8172535e5cb93cac59f592c03b4433d47ac30811e8da02fdb23cb5e84d1594194d1c0554fbb2eae30950e80cbe8a6bd0a9413545a3982a93aa2dbca7404b2ac1ef837515308c36b0a32a5e6a5500c38d1477450573042e60e843f4586cd2696164129482d802dc42d95a61cd5bd659e8bb38c70acfc22167cb694d3201e821d47b12cdef667389c1afe9308e1223515541bbc96fa6200e99c023b17f6842bd2548d1ea32d0ac30dd497a3d6996373547a3462b60f825be2f4857247a5a5135ed4fd99ca96467c4fe96627cdfe38e56f40fd39719943a0f708be0cf782bb5b8b962de66dc5f10068a88ce604b3bfe5d04acb01947c98bde32e42297384a87a0cae0350117a2c7ab0213d5fbe66528f4283a9afb57e38434465703dd8d887ad3eee589a9e8d04a198ec449040bd5b36043aff002045233563d91a99a46def45f6d091f4f6710232ad6c16dd22af44dee10cec2cde45af2ca3af6a260c51fa511bf3d9a806471cb0510f758584f668851e8c76cfb10e7a5d962f859c4a59503cd307de076c818216abcb13f4a7f78aaefa07b24c507fc3e559392ffea11ac0aa714fa3f2f8278bf05bc4bf72fe7e22b49362bd14ff00b544475f621cad1e081686d0775645a1606ede7d01197d69831903c622ea77e0c30464479b94591dec3dc170aa16a7b17f265e5773289bc3d08a93d3042f121c07a8546d02ead73591fb06043003868b5b0fcda665162669289d5bc95baa976d9419a28c4553dd6589a041977ee0b04d56e33cf2ca6dcae258d5e267f96b455e6eaf2f27b11b2f6c404f59297e5c44ef940bce16d99ead758e18060083315f9b5c5b6c1565c0eb4d4c31a4402d33d607d0533fdf2ce42cdf9e5ffd9c4bf7a3e3e167c507dd4f5ffdfb930e6af15912daff0024c0cb0b093ffdeb7d53e865406803788f984365ea31194784a1ff00732687ee1d3d029371ed67f52b5e8f3bf04de9bba3f288447acb7d98537dc2bfcc24229f3080f27bfcc9c982ba4fd0a21825efde2412c7b317df5c597b364d16e43f71e6419b8bbe4362762469e1a43e639fbc56e5ec3d0304d9b23f1472aa1a71ddad3d529af4962d7d1e84d2be1c9f886b8eda1e8c00d11963435b66c44d65487a9058b5bf83017918dcdb6853936138660c26f02c7c789afdaf920be70986815a37ec4ce2e14f56c8c9ecb5b1d8780e58cbfb91ab1f594be7c20cd549d0d4128adab6cbdc28232717c271e1f471d49c419af50c90ab68dc26da77708d519d9c456bdc87e6a51af62c6a0f0e4118bea47f09123cf5f7a81d705f5e90583c1f51fb32aa0de45f430908942a20d51807a2e825f48ccb636ca609a71a708671a802c2a9b3ab88a6c1871f50b629697956cca532b1922861a2daa0222724cf0c58011baed97344d105668ab14545e7cc5657c60a001ab56fa46635e50086d68cd7d862ac5a75b3d0803784804e3400e804eeb8958424b9f70ddd0f525542d86a00c8d3c744c3048523228c17a3010037b4587429c7861b59405829e6e0db825e4f89ecea2e580b712f4bb0a91f0c62f45ff57ec61a6f60bfad8608b71f73926390ce371f0dcdd7c505b4ce7bf881b2f89fd6f365ef99b5e90540ff001cba60b209005de46944e91f74edf654c3c4e4c6bd538469724361beab3adff00c4dbbf3aefe198e17a3be184addb36406083d2a3cb025e7a47fb961ca3e00f92f16e2b85d876d73ee5f508031ebf0b995bcf21b85370bc095ceb0ddea2816a58985dbc4c5a4fbda17c29e41e1bf8303ec5093e47dd6a2d158a23027f29487f02312971059341c3e1d31501ca783b5e4fc3a81c3fca2809176e9635d8a36a0c8566877da3d9a2dda1dfec885ad684e6d746e0d58eae0741e4fb5a5f8ebf688426d00c745dfbbf4c44aa8e47985833c612c0dc4bc26821a742f9f4958d1f2b2a40f507ed8dd748b0c24ba0c533ef489bfe75a717de81fb7097c1e923ee16fea1fc723cbea07edb3447fc8c12fbde132a09d469be04540163c064598c300b425d7bf5c665a4218c265f7395040a2feaf0c711587392abb08e5596f0b57e4df529958c05b3c19d9e0960d35052565a02dd4a7a104502b66b79c0987333c0acaa5c28361f78b793b234166ad0068ce62dc5146a0430d5ddc22cb2cb7d3b05e949191d5094a9602ed0f660d4a4502a250052909d157084e4210a6563582e324040b8ce1358452bd10035d8109a5ab29bd28c194c12aea158e0236f7915c8708b87bb5307847b98bfe654bca0273da6d5b6067f8169c34e4c243c23e1b9e4fea8fc1dfdd40d26174cb91a66bebe43a397b42ca7f4ffe518503e17f3c27df84dc8be8fed531b5ff00beb1f450fe99db7a8b7ecc373d445fbb6fa7952023ee9123a87f2c535f250efe0838655a0febf9613aa61a089c2f3df4b4d27ac1fc4ff59aee0845f4a3f496a317c8fcc587a6fd6144068f6a0225947d410368fb560ce5eb188b6fac23b679a53f0cb1196ad605682f8448602bcd30a89dcfdeefda5b043bb1f62bea87d8b221f9c62f96649be60153b827c84468fb5b0f2108d6f5504fb12c0f7237774c1111c8cac55825ea691ebf7009f8bb45b2e01f169151f8d6a0541ae9ee47eb2c11d94a5a79321e259e0bd5a69b350b037bab85a116e77a4ae4bfc611dbe797b6010b06189d82e8e8e9c7965a8295b5e5daf6cbe454b44b8216e2a4c10a3fa22ffc9fab1fd0666c83c0bf53cdb44afb84130745439d12f6911c812a6e8ba1bdbd1034c4ed0cfb40b2f8b0792e94ee370099e8f9aacc5f7645083cb28faa50a1e946b6e5e4a8e443a5425ce5e2788ca8b6d77f06af1cf30d38e8f1a072c3e84a5b540300b5634ddef99437170de00c504479a189801c0778e8a95106eaf160258391b388042edd55aac9a3d980a2128c286d408ec5cc7e6caa35aae00c4a2220348b0502fb286316a90095c20ee32dd1308245e617e0f61eec551daaaa84d65295add4aaf8495108222c56f104a2ec152a6ef078565712325ca226d62c6de18301c8074a1762e3d586431a9d34aa692819231401d97f7c3cecc3748f0851d8958f99d8aea80f2f15ca5ef0f40a35502f49fdc03aeca89ee43c20e0befb987f31fe12ce68f84fcc37bc725f5128e03fda3b3207f623e6a294afac9f73b7c0c4e4a916da7a84cf9fd88be1faa3ea3cdb2c7e150c001b1afc5bff00b6cedf99fdcff1dfccedff005798a7fcdf717fdffdd2af3f37f733e59c47f1f843faf44c92f474e12f173e894611f6a5d7a3951835777c440e9138ff00873dd959d0187d78493e7ab262a777329bd1b05f9944474a7e46e11ef88e2fa085393d14b0173e6d516d84ff0089324cb00cb1c4b3cbad6bfbbd6222c530c23c8a9188f60e7ed6d65229ef43f4b7d822168580006086befac88a18dbdaf6cb80fc3306599a83dada786e5f740f56ff0041a030459bb3de747dd8f8a36ac10a31a832b2cacb02c517a20b5d5bc6a0e5ae3cca40e8247772c4681bc4ba5304f840a76005a2d738ce3ad4a7d9752ccb900348062838596e91583da3475582a566460b7aa9bbda68ae8a12bea02e5ddb75b5e86577fb9889a85103580dfa06a0d44096015bb4c3de558c02581f507d1822e38062a191d1a8a82bdaf152c544b788af8ac3820c6c29dfcf52e928c2020ac6db74bb637472162a3b1ceaa310b5ab4e2d174b3c5c16e75089a61ba647bcb116b2318ad800a749c41aac4c0cd42ca73aae0259541dfa323617c20306364b62b9a1ad278c905651925d0ab11597a9461d5d93325e8ad0e0609e6308574d0a1ca5c075f00959436868a27085a36945d88d85478b29bbe419d32a566bf5684587046cdcb89b2b48520c08bf1ccd7628c42ad06c299bb73c0c5503b8c702823dad1edc5952ea61b09939f797d43e3858d23d1cb4cbc4e0cafb834463905582b94683a5dc44e651b257a964a58a2633fcf7861f607427e0c0aff4ee5104fb83ff005c4ffeadd08ff4a6f4cfe43fd59e93fc4e78a6bfc169f80d2bfed13d38f07a01fda4135e9a51f4be89fa9176fd127abdb86bdcdb9939cb22ef0c8f38cdb14c17a3ee9fee1a23e8bf887053dac3e0cb1f99f6b8cb9f270f9ff918ecfeed479acb113423b8c3d188db1676451cadf5500e89ef3a1f094dd5beb114f243b5ed31238661ac78638cdc1417cb1dd5c2934fc8c1963ec33f2cc1c1ef73629809454656b0410f554b2a91ba50d17ca4454b20d5337d23518eda840417a0b690773401a0c858277059e20a716e0b339b62e724a02b80d3f4820ca1774382e87ad9206c0cc942ea9282b0e4dca410b0cb6acc9989df574e05b28f6de608bc9839de06169b22808aa89e02d6deed0d14d845af811477820faea56f512ce80d46d3e000af4dd8430dad7c0e4b9bc94e6196c4cb829dbea999773aa97943431a8ecfe5556c36da9c304aa1ce540ded7007e22ca44bbc1c09c0c0460831c36b4dbe8e656235a680c2439a78cc6759191065b0c206aaac80bda1c5b6de287445dcd442a6f4846d5a2f51b4e533a9345701b4737a97a14a07e2bb94ddbb425fae9a809d299dc728c64e30fb055d5dbc14532a5e38c529861742662905010edd228f83b854aca324237617dd8adc70ca03089779480d1a8d6b546c8cecdaba1de4884a262d2e46d86b588ad3c5239309fe57dcbb3e945162d166caee107df143c1287c84a6ed05e0002d16fbd2c6523564aad944a70c617036ecd8560935680e515b720483d9d1288821a1a5685547d9698b2eb50dbcaee94bbb2283c5a810a65b2a5e9081a00d146c18b2f14648dfa8a4acec085f94a8caec7e4f11caba8307be52295439ac23fa89d210a2c22896ebf053a657cca4a77291656e50f04a744a744a74403a251d100e8f8943c13d9f13da6e6b5897e65cd2c3f302e62dcb3950572ca74f98c1e667a597e8997045252e6a59d1384338c8b2088bad1f2d42c5dde85d7a42784c828e315b97b5e195b3a71578b8957168d772b1a8cb7edbd36848053c374c3f715c07b09fce25250c7e8cae972151d7d0af6e42081981bb2d6c28585040ca45a71dfa748009bce5c2c536209d006304ef6a8f631d0b239a9a098c09adcfe96ededc0455827e19e3149913ea5b298b425d1cd8a8601fc1932edb3c40e9846869d477b02139b0f48113ca1a36f8417d12eec44745ca6d497bb0010d501a7154fe521a8bbb0204c8e899238b480440b5a25b7023a9bc0c0002fc00adbaac1ccaaaacf294387a905a86945cbd6745a003acb55a37a0bdacd41d85d6a55665a2bdb52a14acc0095768d711736ae0a879675f71e4b62d00ad9f07182246d5a0ab9aa0a255ee985c2aac77acde4c5e76a82d44da4f44b7f68382922530de7857e84404eddaaae749161eb4a1b2b5909b232a57570315f1ca69405e1b6916df3486b73169b30ab822c0c44343dc38eba8092c96d06df43c31570caa29a60de94e62a978a882285a28c9bbcc404db0181e03acdb612c1131bb343757cad4297688956785a7f0896e2b4c55356899837ace306864ad5e620a0a14302e3caf9489014111b8205645b3589623044200eed2cbba43b978608d8aaf66a5e06efcc6099ee6fe76aab4b0cc1143204687e99e2a5953012ba407dc234c2c513509b68116d9b0b62b6420f03590074cb927111557d933e09b54a28039c94496afe4c0ea056c10bcbdd982ababcdf0435c864b642e9cbe48d55c6d5a00716afe66e6d68b367369651e6376d48419f0a66d2a1c1b0e4a596e52c5946d7e5085b02782e500a4772c45a2d717046911f268f3d4cb57137655796e2590805b430e9cc446d5011261ba6eb71342d6f25724de473a3b83e7875db5d1cc04228e4ac595da0eae0e7fa0bcce6f76a5439079a25cd32f58e21621b1aa0b488191e684c8295358c91eee9b1e2a60ba7d02d880ab07426c0f6458a461a5be2330dd28a0cc5a4daeb227ad93295c6e9fb0b4f78e16af5f18edf622519c106c716ed2d882c2c06d234b4ace71026d8314a6eed87c9cc4424e0a30521ec2c048a6690644179849cb54850468a71c660c4c713a2839878730ca7daa501553442b6250c5348d589b0f880b1c2cdae34d1024e3159d26ec1fa2883b68720b028ab3cb295a9b620b414a2f08e086c80af702a170aec78bc4069be25a156d34ac5de8e3b63358c0114de2a625f1230aea4566f0e20bb75460e438895611a10e0482c34201fa02358b91a8ae1245dd67cc6bc4d62a4dfaaac6a84ba0ed85485011c6225301802e2aa2709671dc45edf97e1e42a91a621c501719280b4ae5008a83be219b60583471771175616ab95aa3668a5897c0d452a950239a72816b5d46f1690bbe033ccb508ccb91e5b940282d68d832a5ddf19d4080731b41c0240b7c4760f4c948d3402183926f5e572069c1686c56635070d7b1a1b8b34c77bdb4e79341ec89885096aab45b6cc106646db62bcb2b5396a0a8f691f749357f3134a987ecb667530148c7da9472314b4a145cf107b8ae681cd96c9e35440db4cde81a16f9e0590afd044ba2149060af1b4fc5594e86194cb14689940d83e8ee0aa636277df2de4ab58f70a60339d296ce68952f9068cd29350aa5a95d2bb33c95133f633075da125a2eeccbe3117aa96a9eaf0f03b8876e65537a5963bc4373a1a15eb629bad04a006930e01b306f7bed881435ea34bc0598940de5adca2e0bc0ddb12da52ae97ce1e6f39bd118846a3886d05c1f0ae35636a20b600c5b8290b4864f24174f1d5ad501340189e501b1ac68817041b4b754b04f9099acf70192d021a41c8b1b6292b135c29304005129a15aca3061d30701e0850157a7dd88f32e28e759040caa3a2ee03a36e73f20aa97ab63550305490b6c15c6e1d888081e5a6f25b48c844f8e41da8f5cb329b65125f7b106f86e5b1cbda9b1eea8f6a23f680d9688a6cc9e88e6d389ae458182baab6d57652a268e4f12840ab188c996793a20b65419e7086d7e8c239906090717c75a72c4d0baba55b7402bef50b16c380df2bceb0b0556769726b23ada20300b5cb9b534a1794ae230823b9e0d085caf197705f24032da26176bb46552e32da361cacc1c8c4a23577f510dcdb0a065b28754aa2591d9a2e392adb0ab1a691aec082e2ea55de84d984b8b766572bc6e1a0e260f50d836db015e22c688339a2fa521496e6aa5f9101e10de545d343289428408a14d028aeb49128aa9851c55930bbbd1a8a1d4383010401428da5410ec6b313317053b82de405bb68b2c7029809932d9391d81019eb531c8b61dd5d3cc6de878ca62929d4abc1ab42f7306e14a5e48ba25c6ba712f90ce5da2229d2ba6b0b669aed471a620e0357b39d1368fd5bcf03803e4916341419ad58aacdc146bf63d6ad384d7aef7146b83071ea0828bb2a866e0093a21ad502958b710d4bdb8622ada88461341628daca0cf01418db1192e376648745ba4d4c5bf1d773445520d558115896ec4e216975e843b6188b9378d1393858f4d7965c624294a99ddc5a5b56199d00758060a74050302cd85eb00d9349f562fa21de588862b42ec995253752868228bb4505eb5dadc6a7765bae602001ca524c7170049d8a035c0794b4a6006ec1e70e840b0c56a5c8e10b78575d4a69768102e8a2d071739ee3489935ad42a5660c6fc8c32f08a94d7cfb56c3577290bf6cb21433cd28422272465ab414e8188067dd882c1bf2a5c470a01334789f48606e555e3187899bd975551107040ae68b2a4b08bb29202ee209c1bf35d20b102a03d6814b4de96365c64f982d3191d456d9fd32b545ba8912ba0deec17416a3402dab7ead02b036d305be1a0c315954063a5c683d4003c1ee509473001cd1bb3cd11d2a295791a164f224dca39f22d913c27bcce8ae0a01b4c49efb2295cb8276da0546ce1b6dfe08f508218edf39032ea068cc401a2a8a64b88e470d3e22d22f002ee7b18e2ac36b96454528a1cc29080a7069700a25a8c200790b3c427a20050e4aee73bc164a864dc7aa3435b538b82ed2c8182ca6c6e23e148300d6e1438e6062b65f98861684e15da7a53b1c22a2c1683553c8cc004a042f57c3c3c90161603625313c4232b3053db51635616165bdb003215570db5005630edd829f1139cd4710a80715c41d402aa85374c3ec4565694ee5784600944d41e7b756d0e2c43558414ed2038670896e9d317d4aa14c37e6a2b35c8cb3fc6e21e84dcec9ad7dc6159d66c834d78876235030bcd26646b1f8e5bbbe656f0052f42f5e91e18c2a56ca398153bd9cd6e8dbd72666ab29e606189050a60d7bc01bc8280b137f51ec372a0c2f50c561dc950aea1d41f0d9007a0bdc6ea516cc010881de92f00a5ea55e4580000bda41628e42abe6e66205294a686c38940b802952eb4f3e635394b6ad42bb60ad53af08b6b0f9cc05fb61d19173d2beed880750f33a293ea2d3552894b5dd988460305a4003c087391a90700db119009f10a695d5e61b851a851b2541e32259602a3954b34d9b25b9666a66adc217827989d16050d092a7316b59674cb98dd13bf2c7243b4de8ed76766c9ceb5ad8560889fb6137503577983193f36739e4aac476102185355ae58294621a5cdd1e5ee10d513706800da88e3af71068ab32f67dc304f2511f232dad598b78c464ea64e5ae0f28010530619cbb30e8d40176856c27f6a006819428daaf390770689181250eb000a4505d1c08993860abccaf3cc01e0dd6aaba30cab3340d8f5110e5653a8017d0c578ddb95f68bfe23a8a020129cf2c177557a2b081172e02ede483f4b0d086c06365ad55c59015e84bf1061270837084a27407004658f619f767a2778f2c7325f5db615f0f48fcce6ef1ba73fffc400301100020200050303040202020301000000000102111012202131034151133061043271812252404291a10572b143ffda0008010201013f0025a1702e4ed8b65a6b0b46d5c0d1b58fb61ce158af66aca384597a2b550aab16af52658e4cb2c5b8d5167628a66e84cb18b15a90f0431ec7228958b2b17c0b0abc77286b0a1e8dc58ded87617025bea4f0e717a112c560cbc59be14569dd313286ab17c24556bb2cb1b2f04fdc6af458d8f4ac6b168a292c19782df450f0fdebdcb684ef0ad295942583f697b4c7c9c310f058d158a5635a5163659627859be2f72b0bf613c2de9631b1b3ba2f0ad5465c5a4560d608ac6cccc52134f4bbc50f4d9676d4de145609bbd56597a9e1585194caccaf0889e96ac6b7d76b0b7a5b43c5942585e8a28dcb33198cc5e085a6d8d313a13336e27856125a1e0d978365e865ef859659636cbc14b43d378a6269e35834343450b43d0c6f16cbd0d8fd8ac532cbf693a66613b160ca29946d83c24f43c5b39d2c6228ca3425650d0f6c2bdf4e84ccc2785e17a1ee3c58f077877c58cac161456848af79685a9e8783bc1e0c58b1bd16663317a9fb94f427abbeb7ad8f0b28ac2b0ccccccb65fb8f178d1745e0d963c2c7834514343585686b53d4b45965e8bc163ce8a2914bda783e058b1bc2f0b2cbff001560bdd78bd2ff00cc4cb5abbfb2d60f065fb17fe4597eebc2fdaaf6ef0b2f4da33233233c4cd1651c0c48a2f0b2f442399b5747a3f22e8aeecf420fbff8eeec51575f03551e0bd8df05d1931741f917d3c7bccf47a2b999d65d28e550229b375dcbf22e160b963d9ea488472bdf0ba785e0fdf6b1bc2377fa149477f82e5d46e96c2e9a5bc98e855566793ee372eec6d8afcbc22e8ce9ec3e4b925b3d8cf2fec6697f62fe70a2b15ca1bb4d317086b78efc1cf732efc12fb9ac5af6d94f07a13a231bdd99d25512fe4a3a8b83a49fa9057b4b6271945bcc8ac114774380951254cabec57c616cb2f05ca2e7b5b16f144a6d36957245cb869097c93fb9e86b45af63938c2cdc497716e32288454a54fb265b6d926d6eb94ec875a1d58a5344b9696115bb63fc6116771bb2369d266edb136acb23f648782e560a6924bc7c8eb33d93fd969d6dfab3f68924edb6532b0a28ac1ad09ef43b1a7e308b7b8fb1451f916e21f026467e9a9cbbe574294631e49659c5b3e9ba52eaf4eef8d98d609a4872c11df0db945a52aecd11599d191a6453cb24b9b3f288f4dcaf75b0a0e124df08cd0743fe2b33e0f5617dcf523f2263e2914d6cd61b62d886651a5449d6092f034344765c0926ec74b82bb9c8b0ec6c369c78231dc6a8e94e519526d26b7d778b5697c10d9b25b345d277b0b2c9ab6f82171cdf91ef7baec657f9fd8dbacaeb612c12ef656d564bee4a8dd8f6d1470782aec9f024778fe49771b5dd91704aa429412fb371bd5685f83f46fe0cafc193648706bb8e0d14f4a6216d64daa4f322d6eb67b117153b7b214e29cb71f520d558fab0fe24e706f64678d5519d7813bec655b0d5b6f0d995b9d8dc8ddd9b27ba14d37849ac3331ca4f997b36927b36c4df8458ac56296089664dd906f8ec52f06489e9c7cb3d2f93d290a1254caec34d3dd09dba2ed486d2afc16ecb65d9e05c212f0f642f1f28adde12555b08935e4b8edb9992ee5c1bde44fabd2855c85d49cdb7972c7b79287d4e9ae66afc2dcf563d94bfe0f57c74e6ff0008cdd57c749aff00d9d105356e524dfc6a4acb5dbfe7058262109e3585af267f81cd8e6fc99ccd7c996368aa248a11df0a3d59ff006ffa3d49dfdccf524f7b6676667e4b6599924ed99e72fb557cb3d36feeea49ff00d118421c2dc736ed412ffd98ba59b79c9cbfe90a2a3c248dfceba12b1b6f65c14d8ea3b2e45f26c24bb0b0add60e514676cbf259998df97439f4d73d447abd2e738babd27fee67e93fff0044464bca64a17bac162f0ac162dd2e05d3b79a5bbede16324dbca254b644a4a0939348f57a7de685a521b12cce87e17056f43952a425dc8c3c997e0684310e37cc8c88712528c15c9a44feae0bed8d92fa9eacb8957c2333972d89212db9452c2119ba69320bac9924f9685a3c68782599df8e0506654b936f0256e4ebbd1d5ea2e9ae2df644e6e72b6ed9f4ff004ca353ea2dfc31bb7b14ab7438ac5cd09da12caabc9b24708e591892ea3e116fc8a7d9e2b09ce10572748ea7d637b74d57c8dca4ee4db332f05a7fea73fea743a69b6e704753a7170a82dc8fd27f79fe88743a71e2286abbec2f8764b78bd85a59dc58256ce9aa8af2f73f9332a2872c909cbc36752729bb7dcfa3e9c1a94dc6e5c47e077c095164999a90e4df7123a71db7ec722dddf825b89137492d1176a9e08eafd4c60ea3bc894dcddca4d968cc916bfa918cdf1147a7d5fea43a337bcd51187824a88703137986ace343c6eb0e92afe4c8cd28c7e123d43d47e0cf2f236de64f867a70fea85fc3edd88ef4c7132928dcb932991781447fc52476487b24b08736376dbd09d34c5ce12e8f4a6b78a3add1974b7e63e704296e43aa97622ed219c13de22d90fb0a07626aa5a28ac3e44ada44ea31485b369e86acdf0e971fb1f0b0f4d19628646ef712cd265244b7383886a8bd90f8621a5254f74ceb74a5d29576ec56d87d3c1b4a72fd0b192fe3fb3b33bd9ffd13b4751718bd0b83a4b9932f37517e497dcf4d319d2ee32f1dc57b8b076327feab52c23ba28ebc33f4daeeb75874fa6fa928c48c52a496c8fc633e11d8ed841ee7515ac2b71e85b92fe1d3a2a9a2e34b666787f566787689ea47fa8ba8bfa0e6df0a8a3a5f731e378761635b92fb9ea478163f510c9d59787b9f4b1a8b9f9222e493dc4cea7087c1d97e305ca1b5a322327c993e48452926ceabe0b330a45a66da3a7f7bfc0f0bc2f0ac6d265db6f434d357dd2782c561f550cd08cbba7ffd231caa315db0b2d3112dda25c12c18f5c15b675795a2b4c3eefd0dd168b45ac3b2c19637a5b6eadf6ac16d58dec5d0e9aa2cb2f04c7bc917fc92258b32994cba13a3a9dbd987dc346528af0ca28b1f16364572f4c60e6a6d3fb637a2383d096142e59fee3ed82e07db5bd86eebd98ba767a9f07a87a9f07a87a8672d8de0b683d3f49d4e8f4d7514e4bf9c24b8be562fb0b5d142ee2fbb45eeb5cb8f69a6b95aa286664ee9f0e9911fd9eca163659785b16c8ef83e0477d73edecf4abd485ba5991d583e9a8465f753bd496c912d8e8f4bd2865bbddbbfcbb12a47fa69ff00c37d0f4beafea7a3eacbf866768ebe55d6eb28bb8e774fe30f077d5666336db61df07eccbda7ae5c89096c3da3a3b1f4df51d4fa6eac7a907ba6379a527e5de1e0786e5b37c7f58ede707822b54b8f7d2e06c7c9c1164bed78a18e0d252ad9e2ca28a28a47f12e239782df92f4deb7f67efda7a63c8ed9dca16cc7f6bd2badd397fe3a7d39259e13595fc4b065af05b3333349f645cbc9fbd15a3b31e0b573d3f7d199509145aba1fd8c5876d0f1ad6f88fe3421e11d2df621f692856ebdd51b1d551b60e57b214472595a163db083934f32addd0fda7c47f1ad687841ff00115a1c533d35d99919965e0a7e06d2e45be293f02848504b06cbbc121bb2b1676163df0b2f4ee25a728a25687846545dad9965965a2d1f572beaa5e2246ae3f9157836f027f05e0c62576248bbd5d858ac1967251452c5232942457b3629cbbd19e2fb09aecca7e49b708b93272eb4e529383b6cfa4e8ce4fd49aaae0dfc0948a6c4ab06d2ee376478c16dabb7b545194a2bdb7a2f4658f8136b8334bc97f25fcb3f78533294fce1be0f7d4f4d194a2b42db45978de2d7b562d578597ec5194ca563dbfc1a28af66cbf728a28a2ab558c5ee2c6b0fd614569a2b4d1451456358d3c3f7a36f72f4dfb158d6158514568a28a12dcad3c9fb2bfc4eeb043173fb19dc5c9dc5ce0b8582ee7fb21f033bb108f07742ec76ff008c3b8c7d8f278fc1d9697a18b9d3ffc4003e110001030204040403060209050000000001000211031004202131123041510561718113224006143233529142a115233450535462829272a2b1c1d1ffda0008010301013f0052a503975e54f28da5084509c9082d2f3a5a4205696d2dba942d0a0dc20a1405b206f36851e688f342390140be88a842d393a727ad8140e8a7933c91c908ee11bce71be637e888b03ae4eb9a10c91ca014422329b850a2d1cb1bdf65d54a944f24050a111c895337d792542d72ef60a2dd910a2fd6d2a6f30a6c254a946c2c45e72429ca14f322d16e998da54de54a940d8a9c90a06619021921423bdced71695336d11214db4b42850a3285b29b052b894d9d965036eb960de2f39214f3217095c3a285082233828eb6e1519023aa1cbea82e978b46483904a95281ca4679281539821f4a2c54585c5c28b44a8519c641cd1926f2a54cda7943294428e48e4c5e6faa379b852a50e4ca9b9e4473ca19614285194585c66952a4648fa19b75cb2a6d2b450a02851cc19a7911987345c67850a33c67d734580e7c28bca0730bcf20f2072c7d00fa02a39011fef5ebc819e54f32616f985a1709506d282254c9b75b85d6ce3c226171ff00a571a0f51c9850a397309ff2810507491a9c86ab47528d61d91c43ba30942b573b538544d4749788eca616ea112058a1b0bea8037710e81f4849083bba1ae4722d2e0dd7a2e1633528bdc746b500442d49020a349addc20c6740a07617e194591681d940503b668476287ca50d94c745eca4f74dd8640399d50c9c32539c068020d932e423444c4ac23c8e26fbac43054c2d53a1730710f6dd31ed701c26fd935402d701d9020845032b45a6676c51009985d0a2015a6ca13761791cb3b6608c9d02d04775becb51015577033886e5cd09b4dac1ecb0ed05c41061c20cf62aa50750a8e0c3b388fd936604da750b882638774e1048852a2118211d00bb89e209a66c76368246e9a3fd47f651dcaf62813a0e644843b2e875b1d85a50b6814b6c5328fc6a94593a71827d02752c454aae1c246bbf4548d6c3d7635d3a901789b851c4931f98038216841a4a1a14ede50d97aa8e88891e889812b8b425132e69f24ddbdd17808b816951d8a0de2d257c33e4be17716d026927aa9c814d8b9029ba92b644a1b85d5113ec89e89a257a2d91211210327aa0a900caed97086f555b12037e57caa7503c09e13da4ac6b5afc3cb9a096b841ed926d393629fd17712a0212d1a774e33080dc6a8479a004c89bc6b60343aa9013482a16c6c0ea66ddd6d1098755d10ea874401ec8b5e57c33fa90119fdef3e6b8b55c4107039dc11d9341eca0f6443b847528b5d0d4d61992106384ea981d1a95054280b7d7cd6d61c4d5d24a9d579231b221ed08b08128f44c116e06f6400edc933dd7ba2148ecb8b20e129c0213dd495c6571f92e308b82ea841442eca14050144203246a84882aa5234d946a38fe36923f74492221341d744c982834c82539cd2150c26271048a54cb8753b01ea4aab428d06b5a2b8a9567e6e1fc2df29ea6d4f038ba825b41d1dddf28fe68e02b08e2ab41beb501ff00c21818df1b851eaf2beef8267e6e3f8fca8b0ba7dcaaefc33b85b428bda06ee7ba5cecc4c2d4db70b5442f528adf24e402428b49d94ca0737005f0dbd82e10b842324004c81b28166537d4706b1a5ce3d02f8187a3fda2a973bfc3a7ac7abb64316c61fea709459e6e1c67f9aad8ac4d71156b38b7b6c3f609b429526b5f897b84896d36fe223cfb05f7d7334c3d16511dc0e27ffc8a7d4a954cd4a8e71f332a0761c898b130bf1233d0212b8ba108f65d2174b41508af75a2682e30d697790129984c63ff000e16a1ff006a6f85f88131f757031d617f44788ff963fb84ff000ef10a73c5847a7d2aac3f3537b7d5b083976e5d3a66abb841006e5c7a0ee9f88e169a5401633a9fe27f9b8ffeaf46181d55c2784c347772739ce71739c4926492a861ebe25e59428b9e40921bd137c37c45e25b83aa44ef08e8633423a2f3c936e1056a34411dd031d1024a954a8d6c43b828d27bcf60161fecfd77c1c4556d31d86a551f07f0ca105d48d43dde535b87a6229b18df46845f1d494ea8e351b01f05a42a6e247cc217a158aaf86603f12b53f4265626af863e6609eec089a73fd5924749df964f0530dfd7abbd06c117845c571155090ca2d9fe1e2f771580c0d6c75480e2ca4d238df1b790ee560f074f0f4453653f87486a47f13bcde578cf8f3eab5d83c23c8a6347bc18e2f21e49ba0d54eaa6e01456e7280a1109c2c7bda850ad8878a74699738f6583f00a6d87e2eaf13bf43761ea5329d2a4ce0a21ac6f609f877bb6c4387a23817f5c4b8faaf8029ef890bc53195e90a4dc3e20f5e270fe4160f1f5d98963f115dce609904f70abf8fee30d43fdcf588c7e36bfe6621e4761a0437931ee89213747728e9b955ff35c3a37e5ff008e8be50a7cacca3f79c4e1e94c07b5827b68b01470584a14d94e470889217da5f14a8de0c1503c2c7378aa386e4131c2a000b7b0406a834052138a8844c21b2dcca169b1088d577582f08ab880da95a69d3ffb9ca8d2a78567051a61a10a8fec87c476c02f85588fcf0154a207e6625fed28d3c24ff6883e6d58dc6d1a6e34e83c543d5d1a04e79712e264a1aa76e9daba16c137cb9553510abb4bab543ddc4fefaae0f35c03bae10839cc6d2a8c30e64b67b750befb8cff003353f7552a54ac41a8f2e3dca76928394a06029526db995dd6e51d0288108046fb84f4150f10c5e1dc0b6b3881fc2750bc3bc468e3c70c06551bb7bf9842976841aa53dae2375e278ff8af751a2e0580eaeefe8821053742baaea51779266e53761c83a04df98ca3f3b5ae1d0007d945daee127a83b84437a136a89a355d7746a20f28194765b00899410dd75ca13f6b4263dd49ed7b1c439a6410bc3b1e31b870fd9edd1edf340928fa2f1af1370e2c25291facf9765e8b540a1ba940744111c2e4dca6ef33a20de167b269200cb36abb20549b4210058eab409a826e63622de178c384c5b1c4fc8f86bfff00a82c7629b83c354ac46a04347771d9547baa39cf799738c9371ba161670909ba648c8df99f2a541eeb85ddd43bf5283fa9709ee837ced53f0a0a170941b0a104765161b208e5e8a35b385bc1f1471382a527e767c8ef6d8afb4189e3af4f0e0c8a624ffd454228268b1405b70a0e4e25c4b8bc9197029822545a14657eac435368b40b136080433f5bebc50bc1b11f02ad5a65d0d7b27ddaab5435aad4a8777389bf08510ba208729e48854f6e4bf6406aa1006d08e8a144203991e49a5cd320eaa145e02e8a34285fa2952a721129822792ed96aa4a256fdd7a0b05065019bb5858db65369390ae97ebc86ee80e495c2a142850a32f4c8e04c477b8ea8e795363b2ef69bc656fd013a21b27d2a948532f616f1b789b3d46d29c505d33043aa3b65851680b746e574b8c8cebc9ab229bcb449e130a93c542f2dfc1200399c9bab42f12c71f10c57c72c0c029526068e818c0d460aea8ed92b3cb1a610d81f24375def36d549b428c82c73b3af2823685167eb010102e32b9a1c20e680a39673b77e50be970858843952a6faa8bc65233b7f17b728653b217dc21960f1836168b69c936eb63a661a3be822d36ebf42328b1ca023f890703cd2616bd109b00a547d0f7ce720b11f322838f741eb88290a5063dc25ac711dc095046e08f6c9c41171bed69c86e79703be6952a720b11288f2b41eca005aca8f35e0140fdc5cf71238aa988ec000ab527329d57173a1ac71327b04491d5024f551dca0d8b8ce720cda5a54e49528953ca2d0a1ddd41ec869d161e97de6bd3a21c1bc460b8ec0775856f82e1e851a0cc6b618d0079afb49e2785a74bee983adc6ea9f8dc366b7b7ba808c2d14d84a1f492a54a9fa26b9cd32d7107c97de2bff8cffdd389738b9da93b92a076b7b730f2654e5851785178fee0952a7cf2cda790334a9fa7952a54a1f4936f65254f9a952a734e59536952a6deb7d326fcd8bca9c9eb7179bcde7972bdef379fa216e96285ba0b76cfd2c10451b775dd0dec36b0411b0e51c9ffd9, 'Escuro', 550);
INSERT INTO `utilizadores` (`id`, `nome`, `email`, `pwd`, `tipo_ut`, `Ativo`, `imagem`, `Tema`, `id_grupo_recrutamento`) VALUES
(4, 'José Almeida', 'josealmeida@esab.pt', '3c9909afec25354d551dae21590bb26e38d53f2173b8d3dc3eee4c047e7ab1c1eb8b85103e3be7ba613b31bb5c9c36214dc9f14a42fd7a2fdb84856bca5c44c2', 'Professor', 'Sim', NULL, 'Escuro', 410),
(5, 'Alberto Silva', 'alberto.sivla@esab.pt', '3c9909afec25354d551dae21590bb26e38d53f2173b8d3dc3eee4c047e7ab1c1eb8b85103e3be7ba613b31bb5c9c36214dc9f14a42fd7a2fdb84856bca5c44c2', 'Professor', 'Sim', NULL, 'Escuro', 510),
(6, 'Martim Levis', 'martim.levis@esab.pt', '3c9909afec25354d551dae21590bb26e38d53f2173b8d3dc3eee4c047e7ab1c1eb8b85103e3be7ba613b31bb5c9c36214dc9f14a42fd7a2fdb84856bca5c44c2', 'Professor', 'Sim', NULL, 'Escuro', 340),
(7, 'Henrique Almeida', 'henrique.almeida@esab.pt', '3c9909afec25354d551dae21590bb26e38d53f2173b8d3dc3eee4c047e7ab1c1eb8b85103e3be7ba613b31bb5c9c36214dc9f14a42fd7a2fdb84856bca5c44c2', 'Professor', 'Sim', NULL, 'Escuro', 600),
(11, 'Matias Branco', 'matiasfbranco@gmail.com', '3c9909afec25354d551dae21590bb26e38d53f2173b8d3dc3eee4c047e7ab1c1eb8b85103e3be7ba613b31bb5c9c36214dc9f14a42fd7a2fdb84856bca5c44c2', 'Professor', 'Sim', NULL, 'Normal', 550);

-- --------------------------------------------------------

--
-- Estrutura da tabela `utilizadores_exames`
--

CREATE TABLE `utilizadores_exames` (
  `id_utilizadores` int(11) NOT NULL,
  `id_exame` int(11) NOT NULL,
  `id_motivo_incumprimento` int(11) DEFAULT NULL,
  `desc_motivo` varchar(245) DEFAULT NULL,
  `data_motivo` datetime DEFAULT NULL,
  `motivo_deferido` tinyint(1) DEFAULT NULL,
  `id_ut_motivo_deferido` int(11) DEFAULT NULL,
  `data_motivo_deferido` datetime DEFAULT NULL
) ENGINE=InnoDB DEFAULT CHARSET=utf8mb4 COLLATE=utf8mb4_general_ci;

--
-- Extraindo dados da tabela `utilizadores_exames`
--

INSERT INTO `utilizadores_exames` (`id_utilizadores`, `id_exame`, `id_motivo_incumprimento`, `desc_motivo`, `data_motivo`, `motivo_deferido`, `id_ut_motivo_deferido`, `data_motivo_deferido`) VALUES
(11, 0, NULL, NULL, NULL, NULL, NULL, NULL);

-- --------------------------------------------------------

--
-- Estrutura da tabela `utilizador_leciona_disicplina`
--

CREATE TABLE `utilizador_leciona_disicplina` (
  `disciplinas_codigo` int(11) NOT NULL,
  `utilizadores_id_utilizador` int(11) NOT NULL
) ENGINE=InnoDB DEFAULT CHARSET=utf8mb4 COLLATE=utf8mb4_general_ci;

--
-- Índices para tabelas despejadas
--

--
-- Índices para tabela `bolsa_utilizadores_da_estrutura`
--
ALTER TABLE `bolsa_utilizadores_da_estrutura`
  ADD PRIMARY KEY (`id_estrutura`,`id_cargo`,`id_utilizador`),
  ADD KEY `fk_cargo_estrutura_has_estrutura_exame_cargo_estrutura1` (`id_cargo`),
  ADD KEY `fk_cargo_estrutura_has_estrutura_exame_utilizadores1` (`id_utilizador`);

--
-- Índices para tabela `cargo`
--
ALTER TABLE `cargo`
  ADD PRIMARY KEY (`ID`),
  ADD UNIQUE KEY `ID_UNIQUE` (`ID`);

--
-- Índices para tabela `cpa`
--
ALTER TABLE `cpa`
  ADD PRIMARY KEY (`email`);

--
-- Índices para tabela `disciplinas`
--
ALTER TABLE `disciplinas`
  ADD PRIMARY KEY (`codigo`);

--
-- Índices para tabela `estrutura`
--
ALTER TABLE `estrutura`
  ADD PRIMARY KEY (`ID`);

--
-- Índices para tabela `estrutura_exame_cargo`
--
ALTER TABLE `estrutura_exame_cargo`
  ADD PRIMARY KEY (`id_estrutura`,`id_cargo`,`exames_id`),
  ADD KEY `fk_estrutura_exame_cargo_exames1` (`exames_id`),
  ADD KEY `fk_estrutura_has_cargo_cargo1` (`id_cargo`);

--
-- Índices para tabela `exames`
--
ALTER TABLE `exames`
  ADD PRIMARY KEY (`id`),
  ADD KEY `fk_AREA_EXAMES` (`id_disciplina`);

--
-- Índices para tabela `grupos_recrutamento`
--
ALTER TABLE `grupos_recrutamento`
  ADD PRIMARY KEY (`id`);

--
-- Índices para tabela `grupo_recrutamento_da_disciplina`
--
ALTER TABLE `grupo_recrutamento_da_disciplina`
  ADD PRIMARY KEY (`areas_exames_codigo`,`grupos_recrutamento_id_grupo`),
  ADD KEY `fk_areas_exames_has_grupos_recrutamento_areas_exames1_idx` (`areas_exames_codigo`),
  ADD KEY `fk_areas_exames_has_grupos_recrutamento_grupos_recrutamento1` (`grupos_recrutamento_id_grupo`);

--
-- Índices para tabela `hbolsa_utilizadores_da estrutura`
--
ALTER TABLE `hbolsa_utilizadores_da estrutura`
  ADD PRIMARY KEY (`id_estrutura`,`id_cargo`,`id_utilizador`);

--
-- Índices para tabela `hexames`
--
ALTER TABLE `hexames`
  ADD PRIMARY KEY (`id`);

--
-- Índices para tabela `hutilizadores_exames`
--
ALTER TABLE `hutilizadores_exames`
  ADD PRIMARY KEY (`id_utilizadores`,`id_exame`);

--
-- Índices para tabela `hutilizador_leciona_disciplinas`
--
ALTER TABLE `hutilizador_leciona_disciplinas`
  ADD PRIMARY KEY (`disciplinas_codigo`,`utilizadores_id_utilizador`);

--
-- Índices para tabela `motivos_incumprimento`
--
ALTER TABLE `motivos_incumprimento`
  ADD PRIMARY KEY (`ID`);

--
-- Índices para tabela `password_resets`
--
ALTER TABLE `password_resets`
  ADD PRIMARY KEY (`id`);

--
-- Índices para tabela `utilizadores`
--
ALTER TABLE `utilizadores`
  ADD PRIMARY KEY (`id`),
  ADD UNIQUE KEY `email` (`email`),
  ADD KEY `fk_utilizadores_grupos_recrutamento1` (`id_grupo_recrutamento`);

--
-- Índices para tabela `utilizadores_exames`
--
ALTER TABLE `utilizadores_exames`
  ADD PRIMARY KEY (`id_utilizadores`,`id_exame`),
  ADD KEY `FK_Exame_Ex` (`id_exame`),
  ADD KEY `fk_utilizadores_exames_motivos_incumprimento1` (`id_motivo_incumprimento`),
  ADD KEY `fk_utilizadores_exames_utilizadores1` (`id_ut_motivo_deferido`);

--
-- Índices para tabela `utilizador_leciona_disicplina`
--
ALTER TABLE `utilizador_leciona_disicplina`
  ADD PRIMARY KEY (`disciplinas_codigo`,`utilizadores_id_utilizador`),
  ADD KEY `fk_disciplinas_has_utilizadores_utilizadores1` (`utilizadores_id_utilizador`);

--
-- AUTO_INCREMENT de tabelas despejadas
--

--
-- AUTO_INCREMENT de tabela `utilizadores`
--
ALTER TABLE `utilizadores`
  MODIFY `id` int(11) NOT NULL AUTO_INCREMENT, AUTO_INCREMENT=12;

--
-- Restrições para despejos de tabelas
--

--
-- Limitadores para a tabela `bolsa_utilizadores_da_estrutura`
--
ALTER TABLE `bolsa_utilizadores_da_estrutura`
  ADD CONSTRAINT `fk_cargo_estrutura_has_estrutura_exame_cargo_estrutura1` FOREIGN KEY (`id_cargo`) REFERENCES `cargo` (`ID`) ON DELETE CASCADE ON UPDATE CASCADE,
  ADD CONSTRAINT `fk_cargo_estrutura_has_estrutura_exame_estrutura_exame1` FOREIGN KEY (`id_estrutura`) REFERENCES `estrutura` (`ID`) ON DELETE CASCADE ON UPDATE CASCADE,
  ADD CONSTRAINT `fk_cargo_estrutura_has_estrutura_exame_utilizadores1` FOREIGN KEY (`id_utilizador`) REFERENCES `utilizadores` (`id`) ON DELETE CASCADE ON UPDATE CASCADE;

--
-- Limitadores para a tabela `estrutura_exame_cargo`
--
ALTER TABLE `estrutura_exame_cargo`
  ADD CONSTRAINT `fk_estrutura_exame_cargo_exames1` FOREIGN KEY (`exames_id`) REFERENCES `exames` (`id`) ON DELETE CASCADE ON UPDATE CASCADE,
  ADD CONSTRAINT `fk_estrutura_has_cargo_cargo1` FOREIGN KEY (`id_cargo`) REFERENCES `cargo` (`ID`) ON DELETE CASCADE ON UPDATE CASCADE,
  ADD CONSTRAINT `fk_estrutura_has_cargo_estrutura1` FOREIGN KEY (`id_estrutura`) REFERENCES `estrutura` (`ID`) ON DELETE CASCADE ON UPDATE CASCADE;

--
-- Limitadores para a tabela `exames`
--
ALTER TABLE `exames`
  ADD CONSTRAINT `fk_AREA_EXAMES` FOREIGN KEY (`id_disciplina`) REFERENCES `disciplinas` (`codigo`) ON DELETE CASCADE ON UPDATE CASCADE;

--
-- Limitadores para a tabela `grupo_recrutamento_da_disciplina`
--
ALTER TABLE `grupo_recrutamento_da_disciplina`
  ADD CONSTRAINT `fk_areas_exames_has_grupos_recrutamento_areas_exames1` FOREIGN KEY (`areas_exames_codigo`) REFERENCES `disciplinas` (`codigo`) ON DELETE CASCADE ON UPDATE CASCADE,
  ADD CONSTRAINT `fk_areas_exames_has_grupos_recrutamento_grupos_recrutamento1` FOREIGN KEY (`grupos_recrutamento_id_grupo`) REFERENCES `grupos_recrutamento` (`id`) ON DELETE CASCADE ON UPDATE CASCADE;

--
-- Limitadores para a tabela `utilizadores`
--
ALTER TABLE `utilizadores`
  ADD CONSTRAINT `fk_utilizadores_grupos_recrutamento1` FOREIGN KEY (`id_grupo_recrutamento`) REFERENCES `grupos_recrutamento` (`id`) ON DELETE CASCADE ON UPDATE CASCADE;

--
-- Limitadores para a tabela `utilizadores_exames`
--
ALTER TABLE `utilizadores_exames`
  ADD CONSTRAINT `FK_Exame_Ex` FOREIGN KEY (`id_exame`) REFERENCES `exames` (`id`) ON DELETE CASCADE ON UPDATE CASCADE,
  ADD CONSTRAINT `FK_utilizadores` FOREIGN KEY (`id_utilizadores`) REFERENCES `utilizadores` (`id`) ON DELETE CASCADE ON UPDATE CASCADE,
  ADD CONSTRAINT `fk_utilizadores_exames_motivos_incumprimento1` FOREIGN KEY (`id_motivo_incumprimento`) REFERENCES `motivos_incumprimento` (`ID`) ON DELETE NO ACTION ON UPDATE NO ACTION,
  ADD CONSTRAINT `fk_utilizadores_exames_utilizadores1` FOREIGN KEY (`id_ut_motivo_deferido`) REFERENCES `utilizadores` (`id`) ON DELETE NO ACTION ON UPDATE NO ACTION;

--
-- Limitadores para a tabela `utilizador_leciona_disicplina`
--
ALTER TABLE `utilizador_leciona_disicplina`
  ADD CONSTRAINT `fk_disciplinas_has_utilizadores_disciplinas1` FOREIGN KEY (`disciplinas_codigo`) REFERENCES `disciplinas` (`codigo`) ON DELETE CASCADE ON UPDATE CASCADE,
  ADD CONSTRAINT `fk_disciplinas_has_utilizadores_utilizadores1` FOREIGN KEY (`utilizadores_id_utilizador`) REFERENCES `utilizadores` (`id`) ON DELETE CASCADE ON UPDATE CASCADE;
COMMIT;

/*!40101 SET CHARACTER_SET_CLIENT=@OLD_CHARACTER_SET_CLIENT */;
/*!40101 SET CHARACTER_SET_RESULTS=@OLD_CHARACTER_SET_RESULTS */;
/*!40101 SET COLLATION_CONNECTION=@OLD_COLLATION_CONNECTION */;
